Year,CM,ENE,FEB,MAR,ABR,MAY,JUN,JUL,AGO,SEP,OCT,NOV,DIC,TOTAL
1991,3,0,0,0,0,0,0,,0,0,0,0,0,0
1992,3,0,0,0,0,0,0,0,0,0,0,0,0,0
1993,3,0,0,0,0,0,0,0,0,0,0,0,0,0
1994,3,0,0,0,0,0,0,0,0,0,0,0,0,0
1995,3,0,0,0,0,0,0,0,0,0,0,0,0,0
1996,3,0,0,0,0,0,0,0,0,0,0,0,0,0
1997,3,0,0,0,0,0,0,0,0,0,0,0,,0
1998,3,0,0,0,0,0,0,0,0,0,0,0,0,0
1999,3,0,0,0,0,0,0,0,0,0,0,0,0,0
2000,3,0,0,0,0,0,0,0,,0,0,0,0,0
2001,3,0,0,0,0,0,0,,,0,0,0,,0
2002,3,0,0,0,0,0,0,0,,0,,,,0
2003,3,0,0,0,0,0,0,0,,0,0,0,0,0
2004,3,,0,0,0,0,0,0,,0,0,0,0,0
2005,3,,0,0,0,0,0,0,,0,0,,,0
2006,3,,0,0,0,0,0,0,,0,0,0,0,0
2007,3,,0,0,0,0,0,0,,0,0,0,0,0
2008,3,,0,0,0,0,0,0,,,0,0,0,0
2009,3,,0,0,0,0,0,0,0,0,0,0,0,0
2010,3,,0,0,0,0,0,0,0,0,0,0,0,0
2011,3,,0,0,0,0,0,0,0,0,0,0,0,0
2012,3,,0,0,0,0,0,0,0,0,0,0,0,0
2013,3,,0,0,0,0,0,0,,,0,0,0,0
2014,3,,0,0,0,0,0,0,0,0,0,0,0,0
2015,3,0,0,0,0,0,0,0,0,0,0,0,0,0
2016,3,0,0,0,0,0,0,0,0,0,0,0,0,0
2017,3,,0,0,0,0,0,0,0,0,0,0,0,0
2018,3,0,0,0,0,0,0,,,,,,,0
1991,3.5,0,0,0,0,0,0,,0,0,0,0,0,0
1992,3.5,0,0,0,0,0,0,0,0,0,0,0,0,0
1993,3.5,0,0,0,0,0,0,0,0,0,0,0,0,0
1994,3.5,0,0,0,0,0,0,0,0,0,0,0,0,0
1995,3.5,0,0,0,0,0,0,0,0,0,0,0,0,0
1996,3.5,0,0,0,0,0,0,0,0,0,0,0,0,0
1997,3.5,0,0,0,0,0,0,0,0,0,0,0,,0
1998,3.5,0,0,0,0,0,0,0,0,0,0,0,0,0
1999,3.5,0,0,0,0,0,0,0,0,0,0,0,0,0
2000,3.5,0,0,0,0,0,0,0,,0,0,0,0,0
2001,3.5,0,0,0,0,0,0,,,0,0,0,,0
2002,3.5,0,0,0,0,0,0,0,,0,,,,0
2003,3.5,0,0,0,0,0,0,0,,0,0,0,0,0
2004,3.5,,0,0,0,0,0,0,,0,0,0,0,0
2005,3.5,,0,0,0,0,0,0,,0,0,,,0
2006,3.5,,0,0,0,0,0,0,,0,0,0,0,0
2007,3.5,,0,0,0,0,0,0,,0,0,0,0,0
2008,3.5,,0,0,0,0,0,0,,,0,0,0,0
2009,3.5,,0,0,0,0,0,0,0,0,0,0,0,0
2010,3.5,,0,0,0,0,0,0,0,0,0,0,0,0
2011,3.5,,0,0,0,0,0,0,0,0,0,0,0,0
2012,3.5,,0,0,0,0,0,0,0,0,0,0,0,0
2013,3.5,,0,0,0,0,0,0,,,0,0,0,0
2014,3.5,,0,0,0,0,0,0,0,0,0,0,0,0
2015,3.5,0,0,0,0,0,0,0,0,0,0,0,0,0
2016,3.5,0,0,0,0,0,0,0,0,0,0,0,0,0
2017,3.5,,0,0,0,0,0,0,0,0,0,0,0,0
2018,3.5,0,0,0,0,0,0,,,,,,,0
1991,4,0,0,0,0,0,0,,0,0,0,0,0,0
1992,4,0,0,0,0,0,0,0,0,0,0,0,0,0
1993,4,0,0,0,0,0,0,0,0,0,0,0,0,0
1994,4,0,0,0,0,0,0,0,0,0,0,0,0,0
1995,4,0,0,0,0,0,0,0,0,0,0,0,0,0
1996,4,0,0,0,0,0,0,0,0,0,0,0,0,0
1997,4,0,0,0,0,0,0,0,0,0,0,0,,0
1998,4,0,0,0,0,0,0,0,0,0,0,0,0,0
1999,4,0,0,0,0,0,0,0,0,0,0,0,0,0
2000,4,0,0,0,0,0,0,0,,0,0,0,0,0
2001,4,0,0,0,0,0,0,,,0,0,0,,0
2002,4,0,0,0,0,0,0,0,,0,,,,0
2003,4,0,0,0,0,0,0,0,,0,0,0,0,0
2004,4,,0,0,0,0,0,0,,0,0,0,0,0
2005,4,,0,0,0,0,0,0,,0,0,,,0
2006,4,,0,0,0,0,0,0,,0,0,0,0,0
2007,4,,0,0,0,0,0,0,,0,0,0,0,0
2008,4,,0,0,0,0,0,0,,,0,0,0,0
2009,4,,0,0,0,0,0,0,0,0,0,0,0,0
2010,4,,0,0,0,0,0,0,0,0,0,0,0,0
2011,4,,0,0,0,0,0,0,0,0,0,0,0,0
2012,4,,0,0,0,0,0,0,0,0,0,0,0,0
2013,4,,0,0,0,0,0,0,,,0,0,0,0
2014,4,,0,0,0,0,0,0,0,0,0,0,0,0
2015,4,0,0,0,0,0,0,0,0,0,0,0,0,0
2016,4,0,0,0,0,0,0,0,0,0,0,0,0,0
2017,4,,0,0,0,0,0,0,0,0,0,0,0,0
2018,4,0,0,0,0,0,0,,,,,,,0
1991,4.5,0,0,0,0,0,0,,183.7969653,0,0,0,0,183.7969653
1992,4.5,0,0,0,0,0,0,0,0,0,0,0,0,0
1993,4.5,0,0,0,0,0,0,0,0,0,0,0,0,0
1994,4.5,0,0,0,0,0,0,0,0,0,0,0,0,0
1995,4.5,0,0,0,0,1172.861657,0,0,0,0,0,0,0,1172.861657
1996,4.5,0,0,0,0,0,0,0,0,0,0,0,0,0
1997,4.5,0,0,0,0,752.7884471,0,0,0,0,0,0,,752.7884471
1998,4.5,0,552.4590834,0,0,0,0,0,0,0,0,0,0,552.4590834
1999,4.5,0,0,0,0,0,0,0,0,0,0,0,0,0
2000,4.5,0,0,0,0,0,0,0,,0,0,0,0,0
2001,4.5,0,0,0,0,0,0,,,0,0,0,,0
2002,4.5,0,0,0,0,0,0,0,,0,,,,0
2003,4.5,0,0,0,0,0,0,0,,0,0,0,0,0
2004,4.5,,0,0,0,0,0,0,,0,0,0,0,0
2005,4.5,,0,0,0,0,0,0,,0,0,,,0
2006,4.5,,0,0,0,0,0,0,,0,0,0,0,0
2007,4.5,,0,0,0,0,0,0,,0,0,0,0,0
2008,4.5,,0,0,0,0,0,0,,,0,0,0,0
2009,4.5,,0,0,0,0,0,0,0,0,0,0,0,0
2010,4.5,,0,0,0,0,0,0,0,0,0,0,0,0
2011,4.5,,0,0,0,0,0,0,0,0,0,0,0,0
2012,4.5,,0,0,0,0,0,0,0,0,0,0,0,0
2013,4.5,,0,0,0,0,0,0,,,0,0,0,0
2014,4.5,,0,0,0,0,0,0,0,0,0,0,0,0
2015,4.5,0,0,0,0,0,0,0,0,0,0,0,0,0
2016,4.5,0,0,0,0,0,0,0,0,0,0,0,0,0
2017,4.5,,0,0,0,0,0,0,0,0,0,0,0,0
2018,4.5,0,0,0,0,0,0,,,,,,,0
1991,5,0,0,0,0,0,0,,1102.781792,0,0,0,0,1102.781792
1992,5,0,0,0,0,0,10.15861496,263.7250231,0,0,0,0,0,273.8836381
1993,5,0,0,0,0,0,0,245.3351973,114.0035347,0,0,2298.247563,0,2657.586295
1994,5,0,0,0,0,0,0,0,0,0,0,4068.774972,0,4068.774972
1995,5,0,0,0,0,1066.23787,0,422.3414602,0,0,0,0,0,1488.57933
1996,5,0,0,0,0,1945.325563,0,773.4059231,3859.604599,0,0,0,0,6578.336086
1997,5,0,0,0,0,1505.576894,0,0,0,0,104.6778018,0,,1610.254696
1998,5,1114.369157,1657.37725,0,0,534.2529862,0,0,0,0,0,0,0,3305.999393
1999,5,0,0,0,0,0,0,0,0,0,0,0,0,0
2000,5,0,0,0,0,0,0,0,,0,0,3121.639846,0,3121.639846
2001,5,0,1869.236391,0,0,0,0,,,0,0,0,,1869.236391
2002,5,0,0,0,0,0,0,0,,0,,,,0
2003,5,0,0,0,29099.53692,0,0,0,,0,0,0,0,29099.53692
2004,5,,0,0,0,0,0,0,,0,0,0,0,0
2005,5,,0,0,0,0,0,0,,0,0,,,0
2006,5,,0,0,0,0,0,0,,0,0,0,0,0
2007,5,,0,0,0,0,0,0,,0,0,0,0,0
2008,5,,0,0,0,0,0,0,,,0,0,0,0
2009,5,,0,0,0,0,0,0,0,0,0,0,0,0
2010,5,,0,0,0,0,0,0,0,0,0,0,0,0
2011,5,,0,0,0,0,0,0,0,0,0,0,0,0
2012,5,,0,0,0,0,0,0,0,0,0,0,0,0
2013,5,,0,0,0,0,0,0,,,0,0,0,0
2014,5,,0,0,0,0,0,0,0,0,0,0,0,0
2015,5,0,0,0,0,0,0,0,0,0,0,0,0,0
2016,5,0,0,0,0,0,0,0,0,0,0,0,0,0
2017,5,,0,0,0,0,0,0,0,0,0,0,0,0
2018,5,0,0,0,0,0,0,,,,,,,0
1991,5.5,0,0,0,0,0,0,,4227.330203,0,0,0,0,4227.330203
1992,5.5,0,0,0,892.0903269,0,10.15861496,263.7250231,0,0,0,0,0,1165.973965
1993,5.5,0,0,0,0,0,0,1472.011184,1140.035347,214.430191,553.2831742,0,0,3379.759896
1994,5.5,0,0,0,0,0,0,0,0,0,0,2441.264983,0,2441.264983
1995,5.5,0,0,0,1697.97701,12688.23065,6099.964376,703.9024336,0,0,0,0,0,21190.07447
1996,5.5,0,0,0,0,0,0,1289.009872,6175.367359,0,0,0,0,7464.37723
1997,5.5,0,0,0,0,0,0,0,0,0,0,0,,0
1998,5.5,1114.369157,2762.295417,0,0,0,0,0,0,0,2450.250571,0,0,6326.915145
1999,5.5,0,0,0,0,0,0,0,0,0,0,0,0,0
2000,5.5,0,5167.412493,0,0,0,0,0,,0,0,0,0,5167.412493
2001,5.5,0,0,0,0,0,0,,,0,0,0,,0
2002,5.5,0,0,0,0,0,0,330.4073223,,0,,,,330.4073223
2003,5.5,0,6215.513566,7353.313061,54965.79197,0,0,0,,0,0,0,0,68534.6186
2004,5.5,,0,0,0,0,0,0,,0,0,0,0,0
2005,5.5,,0,0,0,0,0,0,,0,0,,,0
2006,5.5,,0,0,0,0,0,0,,0,0,0,0,0
2007,5.5,,0,0,0,0,0,0,,0,0,0,0,0
2008,5.5,,0,0,0,0,0,0,,,0,0,0,0
2009,5.5,,13101.54486,0,0,0,0,0,0,0,0,0,0,13101.54486
2010,5.5,,0,0,0,0,0,0,0,0,0,0,0,0
2011,5.5,,0,0,0,0,0,0,0,0,0,0,0,0
2012,5.5,,0,0,0,0,0,0,0,0,0,0,0,0
2013,5.5,,0,0,0,0,0,0,,,0,0,0,0
2014,5.5,,0,0,0,0,0,0,0,0,0,0,0,0
2015,5.5,0,0,0,0,0,0,0,0,0,0,0,0,0
2016,5.5,0,0,0,0,0,0,0,0,0,0,0,0,0
2017,5.5,,0,0,0,0,0,0,0,0,0,0,0,0
2018,5.5,0,0,0,0,0,0,,,,,,,0
1991,6,0,0,0,0,0,0,,12681.99061,1598.200621,52.90421782,0,0,14333.09545
1992,6,0,0,0,0,0,50.79307482,1318.625115,0,0,0,0,0,1369.41819
1993,6,3101.244789,0,0,0,0,0,490.6703947,3876.12018,643.2905731,1936.49111,0,0,10047.81705
1994,6,0,0,0,0,4279.032225,0,0,0,470.8041681,883.8933057,0,17881.75368,23515.48337
1995,6,0,0,157.4455418,5616.385495,34226.23563,7290.201328,11966.34137,0,148.9584876,0,0,0,59405.56785
1996,6,0,0,0,0,28207.22067,0,12890.09872,59437.91083,13023.7753,0,0,0,113559.0055
1997,6,0,0,0,0,6775.096024,0,101.8877685,0,0,0,0,,6876.983792
1998,6,1114.369157,4419.672668,581.9725955,0,0,0,0,0,0,0,0,0,6116.01442
1999,6,1795.236058,0,0,0,0,0,0,0,193.321844,1620.52953,0,0,3609.087433
2000,6,1628.81677,15502.23748,0,8113.950264,1981.322792,0,0,,0,0,1560.819923,0,28787.14723
2001,6,0,3738.472782,0,13865.7535,682.5290205,0,,,274.9320484,0,0,,18561.68735
2002,6,31104.6988,2680.112008,0,0,0,0,6608.146445,,0,,,,40392.95726
2003,6,0,13466.94606,40443.22183,74365.48325,0,0,15200.05382,,0,0,0,0,143475.705
2004,6,,0,0,0,0,0,0,,1149.931722,0,0,0,1149.931722
2005,6,,0,0,0,0,0,0,,0,0,,,0
2006,6,,0,0,0,0,0,0,,0,0,0,0,0
2007,6,,0,0,0,9390.094402,0,0,,0,0,0,0,9390.094402
2008,6,,0,3563.818616,0,0,0,0,,,0,0,0,3563.818616
2009,6,,13101.54486,1454.874615,0,0,0,0,0,0,0,0,0,14556.41948
2010,6,,0,0,0,0,0,0,0,0,0,0,0,0
2011,6,,0,0,0,0,0,0,0,0,0,0,0,0
2012,6,,0,0,0,0,0,0,0,0,0,0,0,0
2013,6,,0,0,0,0,0,0,,,0,0,0,0
2014,6,,0,0,0,0,0,0,0,0,0,0,0,0
2015,6,0,0,0,0,0,0,0,0,0,0,0,0,0
2016,6,0,0,154.8407222,74.38081483,0,0,0,0,0,0,0,0,229.221537
2017,6,,0,0,0,0,0,0,0,0,0,0,0,0
2018,6,0,0,0,0,0,0,,,,,,,0
1991,6.5,15810.43998,3345.11429,0,1599.302071,0,0,,20769.05708,4617.024015,52.90421782,0,0,46193.84166
1992,6.5,1635.535548,0,0,2676.270981,74.20018174,121.9033796,2900.975254,826.4461817,0,0,0,0,8235.331526
1993,6.5,43417.42704,0,0,0,0,318.9307943,736.005592,9804.303984,1501.011337,2213.132697,13789.48538,0,71780.29682
1994,6.5,0,0,0,0,48495.69855,1209.810782,0,966.5128631,10357.6917,3535.573223,0,71527.0147,136092.3018
1995,6.5,0,0,157.4455418,9012.339515,31560.64095,24697.41674,30267.80465,112.7738326,2979.169752,273.62823,0,0,99061.21921
1996,6.5,0,0,0,0,51551.12743,0,20108.554,91858.58946,87614.48835,9988.891741,2422.684106,0,263544.3351
1997,6.5,1840.862315,0,0,0,8280.672918,0,305.6633054,0,0,0,544.4902966,,10971.68883
1998,6.5,11515.14795,8839.345335,4073.808169,1005.735459,1068.505972,0,0,0,3373.665541,2450.250571,0,0,32326.459
1999,6.5,10771.41635,0,0,0,0,0,0,0,386.643688,24307.94295,921.8473584,0,36387.85035
2000,6.5,3257.633539,105931.9561,0,55638.5161,1981.322792,0,0,,6342.127901,1755.126445,1560.819923,0,176467.5028
2001,6.5,1278.940029,3738.472782,0,25284.60933,8872.877267,0,,,137.4660242,0,0,,39312.36543
2002,6.5,74651.27713,45561.90414,0,2116.211257,0,0,33701.54687,,0,,,,156030.9394
2003,6.5,0,16574.70284,113976.3524,122864.7115,0,0,15200.05382,,0,0,0,0,268615.8206
2004,6.5,,0,0,0,0,0,0,,459.9726887,0,0,0,459.9726887
2005,6.5,,0,0,0,0,0,0,,0,314.4595286,,,314.4595286
2006,6.5,,16490.77431,0,3731.619199,0,0,0,,0,0,0,0,20222.39351
2007,6.5,,0,3534.117062,0,32865.33041,0,4361.243856,,0,0,0,0,40760.69133
2008,6.5,,0,0,0,0,0,615.2665715,,,0,0,0,615.2665715
2009,6.5,,0,8729.247692,0,0,0,0,0,0,0,0,0,8729.247692
2010,6.5,,0,0,0,0,0,0,0,0,0,0,0,0
2011,6.5,,0,0,0,0,0,0,0,0,0,0,0,0
2012,6.5,,0,0,2426.93952,0,0,0,0,0,0,0,0,2426.93952
2013,6.5,,0,0,0,0,249.7889882,0,,,0,0,0,249.7889882
2014,6.5,,0,0,0,0,0,0,0,0,0,0,0,0
2015,6.5,0,0,0,0,0,0,0,0,0,0,0,0,0
2016,6.5,0,0,0,0,155.5114326,0,0,0,0,0,0,0,155.5114326
2017,6.5,,0,0,0,0,0,0,0,0,0,0,0,0
2018,6.5,0,0,0,0,0,0,,,,,,,0
1991,7,31620.87996,3345.11429,4595.754038,799.6510353,0,0,,22607.02674,13673.4942,105.8084356,0,0,76747.7287
1992,7,14719.81993,0,0,0,148.4003635,365.7101387,7648.02567,0,0,0,0,0,22881.95611
1993,7,74429.87493,0,0,0,918.2960227,0,490.6703947,5586.1732,4288.603821,2213.132697,16087.73294,1510.983709,105525.4677
1994,7,2088.748426,0,0,5276.078582,125518.2786,2419.621564,466.1293411,6765.590042,33897.9001,5303.359834,813.7549945,180307.6829,362857.1444
1995,7,5057.749639,0,0,18416.51988,38384.56332,39724.15826,43501.1704,394.7084142,10427.09413,2599.468185,0,0,158505.4322
1996,7,0,0,0,0,66627.40055,0,27069.20731,122735.4263,236795.9145,32904.58456,7268.052317,2363.549682,495764.1351
1997,7,0,0,0,5220.410287,27853.17254,0,1120.765453,234.7028663,0,0,4900.412669,,39329.46382
1998,7,17829.9065,27622.95417,19205.09565,6537.280486,5876.782849,0,0,0,8434.163851,5717.251332,0,0,91223.43485
1999,7,46676.13752,0,0,0,0,0,0,0,193.321844,72923.82885,0,0,119793.2882
2000,7,14659.35093,165357.1998,0,66070.73786,18822.56652,2141.941698,0,,20083.40502,3510.25289,29655.57853,0,320301.0332
2001,7,2557.880059,13084.65474,1069.322366,119897.9862,22523.45768,0,,,2061.990363,355.567471,0,,161550.8589
2002,7,155523.494,211728.8487,2569.146323,6348.633772,0,2171.051066,36014.39813,,0,,,,414355.572
2003,7,0,33149.40569,224276.0483,190763.6309,0,14275.30723,21280.07535,,0,0,0,0,483744.4676
2004,7,,7745.533173,8721.434534,2273.647165,29581.11334,0,0,,1149.931722,0,0,0,49471.65993
2005,7,,5073.710702,0,2812.058904,0,0,0,,0,943.3785859,,,8829.148192
2006,7,,6184.040368,0,9329.047997,5750.725653,0,0,,0,0,0,0,21263.81402
2007,7,,0,1767.058531,9084.074789,38734.13941,0,3115.174183,,0,0,0,0,52700.44691
2008,7,,0,4751.758155,2904.810923,0,1205.87406,615.2665715,,,0,0,0,9477.709709
2009,7,,13101.54486,16003.62077,0,0,727.0165775,858.081933,0,0,295.1830971,0,0,30985.44724
2010,7,,0,0,2216.224565,0,0,0,0,0,324.7757143,0,0,2541.00028
2011,7,,0,0,0,0,0,0,0,0,0,0,0,0
2012,7,,8929.193567,0,0,0,0,0,0,0,0,0,0,8929.193567
2013,7,,0,0,0,0,582.8409724,0,,,0,0,0,582.8409724
2014,7,,0,0,0,0,0,0,0,0,0,479.6104128,0,479.6104128
2015,7,0,0,0,0,930.454608,0,0,0.81841344,0,0,0,0,931.2730214
2016,7,0,0,154.8407222,0,622.0457304,0,0,0,0,0,0,0,776.8864526
2017,7,,0,157.1779523,0,0,0,0,0,0,0,0,0,157.1779523
2018,7,0,0,0,1370.066109,0,0,,,,,,,1370.066109
1991,7.5,36891.02663,10035.34287,4595.754038,0,0,0,,21136.65101,22907.54223,476.1379603,0,0,96042.45474
1992,7.5,13084.28439,0,0,892.0903269,445.2010904,741.5788923,15559.77636,826.4461817,0,0,0,0,31549.37724
1993,7.5,148859.7499,0,0,0,1377.444034,318.9307943,245.3351973,1368.042416,3645.313248,4702.90698,18385.98051,7554.918545,186458.6216
1994,7.5,2088.748426,0,0,3517.385721,99844.08524,2419.621564,466.1293411,6765.590042,40018.35429,2651.679917,1627.509989,189248.5597,348647.6643
1995,7.5,18545.08201,0,157.4455418,17632.83818,32733.50261,22019.3836,58283.12151,1093.906176,20556.27129,6430.263405,228.7610065,0,177680.5753
1996,7.5,0,0,0,0,49605.80187,0,25522.39546,115016.2171,291258.9748,29379.09336,7268.052317,14181.29809,532231.833
1997,7.5,1840.862315,831.1546569,0,11093.37186,54953.55664,0,2241.530906,938.8114652,279.2021079,209.3556036,7895.109301,,80282.95485
1998,7.5,33802.53108,51378.69476,47139.78024,13074.56097,10685.05972,2341.451077,0,0,7309.608671,21235.50495,3600.083387,0,190567.2749
1999,7.5,111304.6356,16814.30092,0,0,0,0,0,0,386.643688,89939.38891,1382.771038,645.9331484,220473.6733
2000,7.5,22803.43478,428895.2369,0,117072.711,51514.39259,0,910.2351638,,14445.958,9360.674373,35898.85823,0,680901.501
2001,7.5,15347.28035,33646.25504,0,198198.7118,33443.922,391.8005467,,,10997.28194,0,0,,292025.2517
2002,7.5,62209.39761,490460.4975,15414.87794,0,791.3747254,8141.441496,37666.43474,,841.7631698,,,,615525.7872
2003,7.5,0,51795.94639,352959.0269,316861.6243,9188.381905,12847.7765,82080.29063,,2800.718393,0,0,0,828533.765
2004,7.5,,23236.59952,6541.075901,7957.765078,18682.80842,0,0,,0,0,0,0,56418.24892
2005,7.5,,5073.710702,14597.1903,8436.176712,0,3368.930857,0,,0,1257.838114,,,32733.84668
2006,7.5,,22674.81468,0,20523.90559,8626.08848,0,0,,0,827.1421451,0,0,52651.9509
2007,7.5,,0,3534.117062,0,75120.75522,0,10280.0748,,0,0,0,0,88934.94708
2008,7.5,,0,1187.939539,5083.419115,9461.377766,1808.811091,615.2665715,,,0,0,0,18156.81408
2009,7.5,,0,45101.11308,9318.449572,5716.076398,1454.033155,2574.245799,0,0,590.3661942,0,0,64754.28419
2010,7.5,,0,0,15513.57196,5794.123835,0,0,0,0,0,0,0,21307.69579
2011,7.5,,0,0,1396.797017,0,0,0,0,0,0,0,0,1396.797017
2012,7.5,,20090.68553,0,808.97984,2952.11263,1506.121778,0,0,0,0,0,0,25357.89977
2013,7.5,,0,0,0,244.2410629,915.8929566,0,,,0,0,0,1160.134019
2014,7.5,,0,0,0,0,0,0,0,0,0,6115.032763,0,6115.032763
2015,7.5,0,0,0,626.0768891,1860.909216,0,0,0,0,0,0,0,2486.986105
2016,7.5,0,0,309.6814444,966.9505928,3576.76295,0,2519.524456,0,0,0,0,0,7372.919443
2017,7.5,,0,0,0,0,0,0,0,0,0,0,0,0
2018,7.5,0,0,0,360.5437129,0,0,,,,,,,360.5437129
1991,8,79052.19991,13380.45716,6893.631057,1599.302071,0,0,,15990.33599,20066.29668,581.946396,0,0,137564.1693
1992,8,29439.63987,3341.887179,0,892.0903269,519.4012722,1046.337341,26108.77729,1101.928242,0,0,0,0,62450.06151
1993,8,226390.8696,21239.24928,509.0761599,1114.493066,1377.444034,0,0,1026.031812,3002.022674,4702.90698,9192.990253,39285.57643,307840.6603
1994,8,0,0,0,1758.692861,42790.32225,3629.432345,466.1293411,11598.15436,54613.2835,2651.679917,1627.509989,126662.4219,245797.6264
1995,8,48891.57985,2680.864818,314.8910836,20506.33774,30281.15551,15473.08037,50680.97522,845.8037446,52135.47066,16417.6938,0,0,238227.8528
1996,8,3242.193834,2079.141179,1538.601561,0,25775.56371,0,27584.81126,124279.2681,299546.8318,23503.27469,7268.052317,23635.49682,538453.2353
1997,8,0,3324.618628,0,13051.02572,43661.72993,0,1935.867601,2581.731529,837.6063238,628.0668109,8348.851215,,74369.49775
1998,8,48660.7865,98890.17594,136763.5599,34195.00562,20301.61348,12487.73908,0,0,8996.441442,40020.75932,720.0166775,0,401036.098
1999,8,197475.9664,28023.83486,16411.67321,3604.993552,2345.977269,0,0,0,193.321844,74544.35838,1382.771038,0,323982.8966
2000,8,35833.96893,695016.9803,231241.1893,151846.7835,125813.9973,2141.941698,1061.941024,,27482.55424,23986.72808,96770.83522,0,1391196.92
2001,8,26857.74062,76638.69204,8554.578929,200645.6095,39586.68319,2350.80328,,,9760.087718,1600.05362,0,,365994.2489
2002,8,105755.9759,967520.435,64228.65808,6348.633772,1582.749451,9769.729796,40309.69332,,0,,,,1195515.875
2003,8,14842.44828,95304.54135,411785.5314,533491.5103,55130.29143,21412.96084,136800.4844,,23806.10634,0,0,0,1292573.874
2004,8,,65837.03197,39246.4554,10231.41224,108983.0491,0,0,,2069.877099,0,0,0,226367.8259
2005,8,,17757.98746,12975.28026,5624.117808,0,3368.930857,545.4948023,,0,4087.973872,,,44359.78506
2006,8,,39165.589,1232.053012,29852.95359,41692.76099,0,2461.842999,,904.3597832,3308.56858,0,0,118618.1279
2007,8,,831.7777013,15903.52678,7267.259831,56340.56641,0,9034.00513,,0,0,0,0,89377.13585
2008,8,,0,7721.607001,31226.71742,25230.34071,21705.73309,2153.433,,,0,0,0,88037.83122
2009,8,,0,56740.11,13045.8294,18577.24829,6543.149197,11155.06513,0,0,2656.647874,656.0455682,0,109374.0955
2010,8,,0,0,62054.28783,17382.3715,0,0,304.5758064,0,0,0,0,79741.23514
2011,8,,0,1616.573427,5587.188068,5006.435112,0,0,0,0,0,273.6052711,0,12483.80188
2012,8,,29019.87909,0,12134.6976,4674.178331,2259.182666,1786.467142,0,0,0,0,0,49874.40483
2013,8,,0,0,0,244.2410629,666.1039685,0,,,0,0,0,910.3450313
2014,8,,0,0,0,0,0,0,0,0,0,5275.714541,0,5275.714541
2015,8,0,0,0,1252.153778,930.454608,0,0,0,0,0,0,0,2182.608386
2016,8,0.003792208,0,619.3628888,223.1424445,6220.457304,809.3203569,6046.858694,0,0,0,68.46644814,0,13987.61193
2017,8,,0,0,0,119.2588369,663.968863,0,0,0.084428538,0,1558.483154,0,2341.795283
2018,8,0,0,0,1370.066109,0,1157.603921,,,,,,,2527.67003
1991,8.5,68511.90659,26760.91432,13787.26211,2398.953106,0,1070.064515,,8822.254337,18645.67391,317.4253069,0,635.3391213,140949.7933
1992,8.5,22897.49767,22279.24786,0,0,890.4021808,965.0684215,20570.5518,1101.928242,0,0,0,0,68704.69618
1993,8.5,257403.3175,18879.33269,509.0761599,742.9953774,918.2960227,318.9307943,245.3351973,570.0176735,3538.098152,4702.90698,4596.495126,86126.07141,378550.873
1994,8.5,18798.73583,8206.871446,0,0,18542.47297,1209.810782,932.2586822,16430.71867,71562.23355,7071.146445,813.7549945,165406.2215,308974.2249
1995,8.5,77552.16114,2680.864818,629.7821671,26514.56408,37958.06817,8480.438279,36180.58509,733.029912,96376.14148,29278.22061,686.2830194,0,317070.1388
1996,8.5,6484.387668,0,13847.41405,674.1701577,6808.639472,239.5788509,26553.60336,119647.7426,400185.0955,47006.54937,12113.42053,9454.19873,643014.8002
1997,8.5,0,9142.701226,8290.381585,10440.82057,33122.69167,0,1018.877685,3051.137262,3071.223187,1360.811424,6443.135176,,75941.77979
1998,8.5,99550.31132,165737.725,193796.8743,100573.5459,45411.50383,24194.99446,2421.151785,394.840345,23615.65878,35120.25818,720.0166775,0,691536.8807
1999,8.5,249537.8121,95281.03853,49235.01962,14419.97421,2345.977269,12478.86442,0,0,0,47805.62113,1382.771038,1291.866297,473778.9447
2000,8.5,100986.6397,968889.8424,206641.0627,146051.1048,114916.7219,4283.883396,0,,33472.3417,31007.23386,115500.6743,0,1721749.505
2001,8.5,38368.20088,186923.6391,31010.34862,178623.5304,21158.39964,1567.202187,,,13471.67037,6044.647007,0,,477167.6382
2002,8.5,24883.75904,1037203.347,133595.6088,2116.211257,791.3747254,7598.67873,27754.21507,,841.7631698,,,,1234784.958
2003,8.5,2473.741381,128453.947,636061.5797,850353.1346,112557.6783,38543.32951,243200.8611,,42010.7759,0,0,0,2053655.048
2004,8.5,,183956.4129,47967.88994,26146.9424,88743.34001,0,0,,5749.658609,0,0,0,352564.2438
2005,8.5,,40589.68561,16219.10033,36556.76575,0,14317.95614,545.4948023,,1073.334379,1572.297643,,,110874.6347
2006,8.5,,26797.50826,1232.053012,18658.09599,60382.61936,0,3282.457331,,2713.07935,16129.27183,342.547493,0,129537.6326
2007,8.5,,0,37108.22915,12717.7047,71599.46982,0,15887.38833,,0,256.146439,0,0,137568.9384
2008,8.5,,0,11285.42562,66084.4485,51249.12957,44617.34024,3076.332858,,,0,0,0,176312.6768
2009,8.5,,13101.54486,93111.97538,52183.3176,54302.72578,18902.43101,18877.80253,5496.093556,0,6494.028136,2624.182273,0,265094.1011
2010,8.5,,0,0,101946.33,27811.79441,0,0,913.7274193,0,0,0,0,130671.8518
2011,8.5,,0,0,6983.985085,2002.574045,0,0,0,0,0,273.6052711,0,9260.164401
2012,8.5,,35716.77427,0,18606.53632,0,3765.304444,6890.658977,0,0,0,0,0,64979.27401
2013,8.5,,0,0,222.0881311,244.2410629,249.7889882,36.20053151,,,0,0,0,752.3187136
2014,8.5,,0,0,2163.995232,0,0,0,0,0,0,5515.519747,0,7679.51498
2015,8.5,0,0,0,1252.153778,7753.7884,0,0,0,0,0,0,0,9005.942178
2016,8.5,0.007584415,0,4180.699499,1636.377926,3576.76295,2244.024626,9574.192933,0,0,0,68.46644814,0,21280.53197
2017,8.5,,0,0,0,238.5176738,1549.26068,0,0,0.907606783,0,445.2809013,0,2233.966862
2018,8.5,0.013218251,0,0,4110.198327,0,4051.613725,,,,,,,8161.82527
1991,9,81687.27324,36796.25719,36766.0323,6397.208283,0,7490.451608,,3859.736272,17580.20683,1692.93497,0,2541.356485,194811.4572
1992,9,44159.4598,65723.78118,2085.627971,892.0903269,519.4012722,893.9581168,15823.50139,1928.374424,0,0,140.5832206,0,132166.7777
1993,9,167467.2186,33038.83221,2545.3808,3343.479198,6887.22017,1913.584766,245.3351973,456.0141388,3430.883057,3181.378251,4596.495126,104257.8759,331363.6974
1994,9,165011.1257,4103.435723,11899.28913,0,8558.064449,1209.810782,466.1293411,18363.7444,72033.03772,12374.50628,0,253324.8437,547343.9872
1995,9,112956.4086,29489.513,2361.683127,31216.65426,38384.56332,7290.201328,20694.73155,417.2631807,117230.3297,41865.11919,1296.31237,0,403202.7797
1996,9,6484.387668,4158.282359,7693.007803,1348.340315,2431.656954,239.5788509,22686.57375,101893.5614,272315.3016,79323.55206,16958.78874,16544.84778,532077.8793
1997,9,9204.311574,39895.42353,22107.68423,17618.88472,24842.01875,0,713.2143793,4459.35446,2233.616863,4710.501082,5081.909435,,130866.919
1998,9,115894.3923,257998.392,316593.092,130745.6097,73726.9121,58536.27692,2421.151785,1184.521035,45544.4848,48188.26123,720.0166775,0,1051553.11
1999,9,362637.6838,280238.3486,141140.3896,55877.40006,4691.954539,0,848.9060664,57.12633038,0,25118.20771,3226.465754,18409.09473,892245.5772
2000,9,140078.2422,1129079.63,1707248.78,133300.6115,163459.1303,9638.737641,5006.293401,,87732.76929,50313.62476,148277.8927,0,3574135.712
2001,9,44762.90103,375716.5146,117625.4603,283024.498,24571.04474,3330.304647,,,12784.34025,12800.42896,6772.627356,,881388.1198
2002,9,12441.87952,980920.9951,423909.1433,78299.81652,3165.498902,10855.25533,23789.3272,,2525.289509,,,,1535907.205
2003,9,7421.224142,165747.0284,786804.4975,1057283.175,287136.9345,72804.06685,373921.324,,176445.2588,10358.38364,0,0,2937921.893
2004,9,,290457.494,224576.9393,52293.8848,141677.9639,0,0,,22078.68906,0,3500.988207,0,734585.9592
2005,9,,202948.4281,81095.50164,82955.73767,0,42111.63571,545.4948023,,2146.668757,628.9190572,,,412432.3857
2006,9,,94821.95231,2464.106023,54108.47838,76197.11491,0,4103.071664,,11756.67718,33912.82795,1027.642479,0,278391.8709
2007,9,,0,104256.4533,59954.89361,88032.13502,1048.057286,19002.56251,,1873.803969,768.4393171,0,0,274936.345
2008,9,,0,41577.88385,76977.48946,147439.8035,83205.31017,10151.89843,,,431.8722551,0,0,359784.2577
2009,9,,78609.26919,225505.5654,198482.9759,134327.7954,54526.24331,73795.04624,13347.65578,2679.363636,21548.36609,3936.273409,0,806758.5543
2010,9,,0,4669.87476,139622.1476,45194.16591,317.0132875,0,2741.182258,0,649.5514286,0,0,193193.9353
2011,9,,0,3233.146854,23745.54929,7009.009157,3150.542643,0,0,0,0,273.6052711,0,37411.85322
2012,9,,22322.98392,0,63100.42752,0,3012.243555,22968.86326,0,0,715.3885359,0,0,112119.9068
2013,9,,0,410.6210576,0,488.4821257,0,181.0026575,,,157.0415912,138.9083274,0,1376.055759
2014,9,,0,0,540.9988081,136.7779284,0,0,0,0,0,8752.890034,0,9430.66677
2015,9,0,0,0,7825.961113,16748.18294,307.6679017,0,0.81841344,0,0,0,0,24882.63037
2016,9,0.018961038,0,4800.062388,5281.037853,3887.785815,6879.223034,31074.13496,0.114756943,0,0,0,0,51922.37776
2017,9,,0,0,300.8290891,357.7765107,6197.042721,1112.418855,0,2.743927484,75.94701458,5454.691041,0,13501.44916
2018,9,0,0,0,5480.264436,50847.39798,10707.83627,,,,,,,67035.49868
1991,9.5,65876.83326,66902.2858,39063.90932,7196.859318,653.3525354,6420.387093,,551.390896,10654.6708,1481.318099,0,2541.356485,201342.3636
1992,9.5,86683.38405,109168.3145,18770.65174,4460.451634,593.6014539,406.3445985,8175.475716,1652.892363,0,0,281.1664412,0,230192.2825
1993,9.5,117847.302,106196.2464,7636.142399,4829.469953,3214.036079,3189.307943,2453.351973,114.0035347,2894.807579,2351.45349,6894.742689,89148.03883,346768.9028
1994,9.5,518009.6097,12310.30717,29748.22283,1758.692861,7131.720374,2419.621564,3729.034729,15464.20581,41901.57096,15026.1862,0,269716.4513,917215.6234
1995,9.5,155104.3223,99191.99827,4408.47517,41012.67548,21751.25255,2231.694284,15767.41451,180.4381322,98461.5603,37213.43928,4193.951785,0,479517.222
1996,9.5,0,35345.40005,20001.82029,674.1701577,1458.994173,718.7365526,9280.871078,41683.72967,242715.8123,137494.1569,24226.84106,9454.19873,523054.731
1997,9.5,5522.586944,62336.59927,74613.43427,20229.08986,48931.24906,0,815.1021477,6336.97739,3629.627403,5024.534487,7622.864152,,235062.065
1998,9.5,157497.5075,298327.9051,341035.941,194609.8114,110056.1152,61658.21169,4842.303569,6317.445519,41608.54167,40020.75932,0,0,1255974.542
1999,9.5,292623.4775,367112.2367,594102.5701,66692.38072,23459.77269,71753.47043,3395.624266,28.56316519,193.321844,9723.17718,5070.160471,40693.78835,1474848.543
2000,9.5,162881.677,1532137.804,3070095.789,168074.684,87178.20285,4283.883396,3944.352376,,89142.13105,49728.58261,165446.9118,140.6923788,5333054.711
2001,9.5,48599.72111,523386.1895,298340.9401,175361.0002,20475.87062,6856.509567,,,9072.757597,21511.832,0,,1103604.821
2002,9.5,0,522621.8416,544659.0205,110042.9854,4748.248353,9769.729796,16520.36611,,2104.407924,,,,1210466.6
2003,9.5,2473.741381,227902.1641,904457.5065,1044350.047,528331.9596,124195.1729,398241.4101,,323482.9744,6905.589093,558.5465347,0,3560899.112
2004,9.5,,468604.7569,257282.3188,77304.00361,140121.0632,0,0,,37027.80144,0,3938.611732,362.7318344,984641.2875
2005,9.5,,345012.3277,170300.5534,234806.9185,6705.75092,58114.05728,545.4948023,,7298.673774,2515.676229,,,825299.4527
2006,9.5,,103067.3395,22176.95421,54108.47838,136579.7343,1667.975612,7385.528996,,32556.9522,68239.22697,2397.832451,0,428180.0225
2007,9.5,,2079.444253,265058.7796,92657.56285,179585.5554,3144.171859,29594.15474,,8900.568855,4610.635902,0,0,585630.8735
2008,9.5,,872.363704,64148.73509,71894.07034,184496.8664,105513.9803,15074.031,,,0,0,0,442000.0469
2009,9.5,,65507.72432,311343.1677,416534.6959,232930.1132,109052.4866,146732.0105,17666.015,0,31584.59139,7216.50125,599.184872,1339166.491
2010,9.5,,0,11674.6869,252649.6004,60258.88788,317.0132875,0,3959.485484,805.6481241,974.3271429,513.9614056,0,331153.6107
2011,9.5,,0,27481.74826,27935.94034,8010.296179,3150.542643,0,1022.873024,0,0,547.2105422,0,68148.61099
2012,9.5,,2232.298392,0,103549.4195,1476.056315,2259.182666,17099.04265,666.9094968,0,2861.554144,0,0,130144.4632
2013,9.5,,0,821.2421151,0,244.2410629,249.7889882,36.20053151,,,1099.291138,138.9083274,169.9229097,2759.595073
2014,9.5,,0,0,540.9988081,547.1117136,0,0,0,0,0,3237.370286,0,4325.480808
2015,9.5,0,0,0,8452.038003,15817.72834,999.9206805,0,0,0,0,0,0,25269.68702
2016,9.5,0.053090907,0,10219.48766,7958.747187,3732.274382,7320.670501,17636.67119,0.229513886,0,0,0,0,46868.13353
2017,9.5,,0,0,0,1550.36488,2655.875452,5005.884846,0,3.292712981,0,7903.735998,0,17119.15389
2018,9.5,0.052873003,161.3343424,0,3749.654614,49228.05409,19389.86568,,,,,,,72528.9616
1991,10,23715.65997,53521.82864,105702.3429,19191.62485,2395.625963,11770.70967,,551.390896,7813.425256,1375.509663,0,635.3391213,226673.4569
1992,10,125936.2372,109168.3145,26070.34964,11597.17425,1187.202908,91.42753467,2109.800185,1101.928242,0,0,281.1664412,0,277543.6009
1993,10,55822.4062,169913.9942,22399.35104,11516.42835,8723.812215,3827.169532,2944.022368,456.0141388,3966.958534,1659.849522,9192.990253,80082.13658,370505.1329
1994,10,655867.0058,53344.6644,95194.31307,12310.85003,7131.720374,4839.243127,29366.14849,38660.51453,19773.77506,17677.86611,0,338263.1737,1272429.275
1995,10,119700.0748,142085.8354,8029.722631,19069.58796,10875.62627,892.6777136,10699.31699,90.21906609,55263.5989,43917.33091,10599.25997,0,421223.2506
1996,10,3242.193834,27028.83533,30772.03121,2696.680631,1458.994173,1677.051956,7218.455283,32420.67863,91166.42707,144545.1393,16958.78874,7090.649047,366275.9252
1997,10,3681.72463,57349.67133,96721.11849,18271.436,39897.7877,0,611.3266108,2112.325797,1396.01054,7746.157335,12160.28329,,239947.8417
1998,10,197243.3407,399427.9173,457430.4601,256462.5421,117001.404,53072.89107,2421.151785,14609.09276,78156.58502,45738.01066,720.0166775,0,1622283.412
1999,10,224404.5073,756643.5412,1093017.436,216299.6131,157180.4771,104510.4895,13582.49706,794.0559923,579.965532,37272.17919,4148.313113,40693.78835,2649126.863
2000,10,190571.5621,1426205.848,3384977.409,169233.8198,71327.62051,19277.47528,4551.175819,,81038.30096,55579.00409,170129.3716,140.6923788,5573032.279
2001,10,49878.66114,515909.2439,551770.3409,355615.7957,45729.44437,12145.81695,,,6460.903137,29156.53262,13545.25471,,1580211.994
2002,10,12441.87952,276051.5369,924892.6763,304734.4211,7122.372529,12483.54363,12885.88557,,10101.15804,,,,1560713.474
2003,10,4947.482761,192680.9206,841954.3454,1021717.074,530629.055,154173.318,340481.2056,,301077.2273,17263.97273,2792.732674,2142.409473,3409859.744
2004,10,,718398.2018,416448.499,169386.7138,267786.9207,0,0,,50826.9821,3234.423119,6564.352887,1088.195503,1633734.289
2005,10,,649434.9698,324382.0066,388064.1288,30175.87914,80854.34056,1636.484407,,11377.34441,3773.514343,,,1489698.668
2006,10,,146355.622,136757.8843,95156.28957,179710.1767,20015.70734,13129.82933,,56974.66634,124071.3218,6508.402368,0,778679.8997
2007,10,,4990.666208,333974.0623,232552.3146,305178.0681,10480.57286,22740.77153,,4684.509924,16649.51854,0,0,931250.484
2008,10,,872.363704,125921.5911,188812.71,233380.6516,150734.2576,8306.098716,,,1079.680638,403.853555,0,709511.2068
2009,10,,170320.0832,504841.4915,653223.315,422989.6535,165032.7631,216236.6471,37687.49867,0,50476.30961,15417.07085,2396.739488,2238621.572
2010,10,,651.2132916,5837.34345,250433.3759,98500.10519,634.026575,0,4873.212903,1611.296248,2273.43,1027.922811,0,365841.9263
2011,10,,0,63046.36366,89395.00909,41052.76792,5851.007766,230.8409177,0,0,0,273.6052711,0,199849.5946
2012,10,,8929.193567,0,169885.7664,738.0281575,6024.48711,14036.52755,4001.456981,0,3576.94268,346.5246611,0,207538.9271
2013,10,,0,1642.48423,666.2643932,244.2410629,666.1039685,181.0026575,,,2591.186254,0,339.8458194,6331.128386
2014,10,,0,0,2704.994041,683.889642,0,0,0,0,0,4916.006731,0,8304.890414
2015,10,0,0,0,7199.884224,20159.84984,2999.762041,0,0,0,69.3222891,0,0,30428.81839
2016,10,0.06446753,0,18580.88666,14355.49726,2021.648624,6511.350145,36617.08876,0.344270829,0.570628309,0,136.9328963,0,78224.38372
2017,10,,0,0,0,2027.400227,1106.614772,19745.43467,0,1.962963508,1518.940292,5009.410139,0,29409.76306
2018,10,0.19827376,0,227.0401397,5840.808149,47608.71021,36464.52352,,,,,,,90141.28029
1991,10.5,28985.80663,100353.4287,112595.9739,19991.27588,6533.525354,19261.16128,,551.390896,2841.245548,952.2759207,221.5836257,635.3391213,292923.0069
1992,10.5,86683.38405,140359.2615,65697.28109,16057.62588,2745.406724,71.11030474,2373.525208,1377.410303,0,0,281.1664412,0,315646.1715
1993,10.5,62024.89577,235991.6586,43271.47359,18574.88443,5050.628125,14670.81654,4661.36875,684.0212082,3752.528343,1798.170316,6894.742689,37774.59272,435149.7811
1994,10.5,480412.138,57448.10012,315331.162,17586.92861,38511.29002,8468.675473,50808.09818,63789.84897,8945.279194,15026.1862,0,213090.898,1269418.605
1995,10.5,165219.8215,193022.2669,14484.98984,20767.56497,6184.179646,1487.796189,8446.829204,22.55476652,44985.46325,22027.07251,13191.88471,0,489840.4235
1996,10.5,0,54057.67066,106163.5077,3370.850789,1945.325563,2156.209658,2578.019744,11578.8138,62750.91733,131618.3382,21804.15695,0,398023.8104
1997,10.5,9204.311574,43220.04216,165807.6317,23491.84629,34628.26857,0,916.9899162,6571.680257,2512.818971,14654.89226,12251.03167,,313259.5134
1998,10.5,193900.2332,425945.9533,414364.488,338429.9821,160810.1489,59316.76061,14526.91071,33561.42932,86590.74887,24502.50571,2160.050032,0,1754109.211
1999,10.5,138233.1765,804284.0605,1437662.573,358696.8584,328436.8177,241777.9982,24618.27593,434.1601109,2513.183972,27549.00201,11062.1683,23253.59334,3398521.868
2000,10.5,117274.8074,1098075.155,3040575.638,184302.5846,86187.54145,18206.50443,4854.58754,,59193.19374,42708.07683,137352.1532,140.6923788,4788870.934
2001,10.5,37089.26085,497216.88,687574.2814,274868.1724,80538.42442,17043.32378,,,4123.980726,33067.7748,14899.78018,,1646421.879
2002,10.5,6220.939761,117924.9284,734775.8484,277223.6747,16618.86923,25509.85002,9251.405024,,12626.44755,,,,1200151.963
2003,10.5,4947.482761,267267.0833,1117703.585,969984.5641,617918.6831,129905.2957,228000.8073,,400502.7302,55244.71274,3909.825743,4284.818947,3799669.589
2004,10.5,,786171.617,527646.7893,306942.3673,345631.9558,0,7587.160489,,51746.92748,5660.240459,3500.988207,1088.195503,2035976.242
2005,10.5,,834625.4104,528742.6707,433057.0712,110644.8902,84223.27142,2181.979209,,16100.01568,5974.731044,,,2015550.04
2006,10.5,,218502.7597,144150.2024,192178.3887,251594.2473,33359.51224,14771.05799,,100383.9359,165842.0001,8563.687326,1184.49191,1130530.284
2007,10.5,,8733.665864,371082.2915,383347.9561,399079.0121,11528.63015,20560.14961,,11711.27481,25358.49746,362.0848639,312.6131741,1232076.176
2008,10.5,,872.363704,149680.3819,299921.7278,337455.807,177866.4239,6460.299001,,,1079.680638,1750.032072,285.619091,975372.3351
2009,10.5,,52406.17946,573220.5985,1108895.499,668780.9386,270450.1668,370691.3951,41613.27978,0,82356.08409,34770.41511,2396.739488,3205581.296
2010,10.5,,3907.279749,26851.77987,325785.0111,107770.7033,2853.119587,1015.748123,7005.243548,4718.796156,3897.308572,2055.845622,0,485860.8357
2011,10.5,,0,122859.5805,163425.251,61078.50837,14402.48065,1615.886424,0,0,0,547.2105422,0,363928.9174
2012,10.5,,0,0,151279.2301,2952.11263,6024.48711,6890.658977,0,59.27153097,3100.016989,0,0,170305.7773
2013,10.5,,0,5748.694806,1887.749114,244.2410629,749.3669645,217.203189,,,1413.37432,277.8166549,169.9229097,10708.36902
2014,10.5,,0,1294.193269,1622.996424,1367.779284,247.4721827,192.5252828,0,0,0,1558.733842,0,6283.700284
2015,10.5,0,0,0,16277.99912,24501.97134,3692.01482,0,0,0,277.2891564,0,0,44749.27444
2016,10.5,0.026545453,40.84839803,24929.35627,12495.97689,4820.85441,1581.853425,32417.88133,0.229513886,0.380418873,0,410.7986888,0,76698.2059
2017,10.5,,0,157.1779523,0,2504.435575,1991.906589,27949.52372,0,2.954998829,3265.721627,6790.533745,0,42662.25421
2018,10.5,0.687349034,0,151.3600931,6850.330545,40483.59711,37043.32548,,,,,,,84529.30058
1991,11,47431.31995,86972.97154,179234.4075,39182.90073,11106.9931,26751.61289,,6065.299856,2308.512007,793.5632672,221.5836257,3812.034728,403881.1992
1992,11,181544.4458,130333.6,94896.07269,37467.79373,7791.019082,314.9170639,8702.925762,1101.928242,0,135.1460781,562.3328823,0,462850.1813
1993,11,55822.4062,276110.2406,66179.90079,26376.3359,14692.73636,25195.53275,12757.43026,1824.056555,4288.603821,4841.227774,2298.247563,24175.73934,514562.4579
1994,11,290336.0312,250309.5791,481921.2099,40449.9358,72743.54782,25406.02642,91361.35086,105349.9021,7062.062521,16793.97281,4068.774972,189248.5597,1575050.953
1995,11,251201.5654,257363.0225,32906.11823,11755.22545,5544.436924,1041.457333,4786.536549,11.27738326,31728.15786,20385.30313,16928.31448,383.0037104,634034.419
1996,11,3242.193834,85244.78835,107702.1092,5393.361262,3404.319736,6468.628973,2578.019744,11578.8138,33151.42803,156296.7767,16958.78874,0,432019.2284
1997,11,18408.62315,36570.8049,151990.3291,42415.83358,28605.96099,0,1426.428759,2112.325797,1396.01054,28158.32869,24865.05688,,335949.7023
1998,11,151925.6617,459645.9574,459176.3779,401791.316,149056.5832,38243.70092,12105.75892,47380.8414,184989.3271,84125.2696,2160.050032,0,1990600.844
1999,11,122076.052,835110.2788,1559108.955,674133.7943,614646.0446,354087.778,89984.04304,2176.513188,7152.908228,73734.09361,13827.71038,9366.030651,4355404.202
2000,11,97729.00618,630424.3241,2587933.31,142573.6975,98075.4782,17135.53358,2730.705491,,52146.38496,33932.4446,117061.4942,140.6923788,3779883.071
2001,11,10231.52023,257954.622,551770.3409,234086.5444,90776.35973,38200.5533,,,3849.048678,38401.28687,37926.71319,,1263196.989
2002,11,6220.939761,21440.89607,811850.2381,510006.913,34029.11319,33651.29152,12885.88557,,21885.84241,,,,1451971.12
2003,11,12368.7069,234117.6777,1253739.877,860052.9802,454824.9043,151318.2566,100320.3552,,450915.6613,86319.86366,9495.29109,0,3613473.574
2004,11,,962382.4967,712977.2732,507023.3178,443716.7001,0,12645.26748,,94294.40118,6468.846238,2188.117629,3264.58651,2744961.007
2005,11,,1418102.141,629301.0927,487892.2198,207878.2785,105279.0893,5454.948023,,24686.69071,8175.947744,,,2886770.408
2006,11,,331876.8331,167559.2096,401149.0639,359420.3533,75058.90253,34465.80198,,151932.4436,170804.853,21923.03955,1184.49191,1715374.992
2007,11,,18714.99828,515981.091,550494.9322,548146.7607,31441.71859,12460.69673,,9837.470839,29456.84049,543.1272959,2813.518567,1719891.155
2008,11,,0,133643.1981,405221.1237,439165.618,277351.0339,6460.299001,,,5398.403189,3500.064143,1713.714546,1272453.455
2009,11,,65507.72432,688155.6931,1531953.11,800250.6958,272631.2166,467654.6535,96966.79345,0,103314.084,68556.76187,3595.109232,4098585.841
2010,11,,9116.986082,43196.34153,474272.057,122835.4253,1902.079725,7110.236858,5177.788709,5754.629458,11367.15,11307.15092,1037.002814,693076.8484
2011,11,,2948.828266,221470.5595,259804.2452,102131.2763,13502.32561,1154.204589,2045.746048,0,2849.428234,273.6052711,294.6797498,606474.8988
2012,11,,0,0,207098.839,7626.290961,6024.48711,13781.31795,666.9094968,29.63576549,8107.73674,0,0,243335.2171
2013,11,,0,4516.831633,2220.881311,244.2410629,1248.944941,543.0079726,,,1334.853525,277.8166549,1019.537458,11406.11456
2014,11,,240.3642041,5176.773075,7032.984505,1914.890998,866.1526396,770.1011311,0.017216635,0,0,839.3182224,0,16840.60199
2015,11,0,0,502.307332,21912.69112,37218.18432,4615.018525,0,0,0.469226967,346.6114455,1153.922146,0,65749.20411
2016,11,0.041714284,1429.693931,27097.12638,20975.38978,6531.480169,1618.640714,21835.87862,1.14756943,0.380418873,0,1643.194755,0,81132.97406
2017,11,,0,0,0,6201.459519,1549.26068,33233.51328,0,3.94703415,15265.34993,15028.23042,1326.326003,72608.08687
2018,11,1.731590836,0,529.760326,4470.74204,34006.22158,45146.55293,,,,,,,84155.00846
1991,11.5,34255.9533,160565.4859,142468.3752,31986.04141,16333.81338,36382.19353,,9006.051302,5327.335402,1163.892792,443.1672514,2541.356485,440473.6659
1992,11.5,139020.5216,103598.5025,83425.11884,77611.85844,6974.817083,375.8687536,17405.85152,6060.605332,357.490061,243.2629406,2108.748309,0,437182.6454
1993,11.5,77531.11972,184073.4937,79415.88095,27862.32665,36731.84091,23600.87878,19136.14539,1824.056555,3752.528343,4426.265393,2298.247563,4532.951127,465185.7351
1994,11.5,121147.4087,324171.4221,499770.1436,72106.40729,88433.33264,25406.02642,84835.54008,132412.2622,6120.454185,23865.11925,7323.79495,90898.91452,1476490.826
1995,11.5,205681.8187,166213.6187,43140.07845,11624.61184,4371.575267,2231.694284,3941.853628,45.10953305,22194.81465,7524.776325,14716.95808,383.0037104,482069.9132
1996,11.5,0,49899.3883,135396.9373,17528.4241,6322.308081,3833.261614,0,0,3551.938717,84611.78887,12113.42053,2363.549682,315621.0172
1997,11.5,25772.07241,30752.7223,176861.4738,30669.91043,26347.59565,0,611.3266108,2816.434396,1954.414756,18632.64872,48368.88802,,362787.4871
1998,11.5,151554.2053,428155.7897,410872.6524,417380.2156,184851.5332,63219.17907,31474.9732,71860.94278,180491.1064,74324.26732,19440.45029,1701.41911,2035326.734
1999,11.5,93352.27504,714607.7889,1477050.589,742628.6718,762442.6126,442999.687,104415.4462,1176.802406,10246.05773,81836.74126,18897.87085,3552.632316,4453207.175
2000,11.5,55379.77017,242868.3872,1161125.972,149528.512,91140.84843,8567.766792,7736.998892,,41928.51223,26326.89667,76480.17622,281.3847575,1861365.225
2001,11.5,7673.640176,114023.4199,475848.4529,207170.67,66887.84401,37612.85248,,,8110.495428,38756.85434,41990.28961,,998074.5188
2002,11.5,18662.81928,18760.78406,336558.1683,385150.4488,83885.7209,30937.47769,12885.88557,,23990.25034,,,,910831.555
2003,11.5,7421.224142,276590.3537,1169176.777,840653.2889,475498.7636,122767.6421,112480.3983,,473321.4085,120847.8091,16197.84951,0,3614955.515
2004,11.5,,881054.3984,917930.9847,551359.4375,440602.8987,3263.931412,22761.48147,,70375.82137,9703.269358,5251.48231,7254.636689,2909558.342
2005,11.5,,1380049.311,806089.2863,594750.4582,217936.9049,105279.0893,13091.87526,,30053.3626,12578.38114,,,3159828.669
2006,11.5,,290649.8973,167559.2096,496305.3535,458620.3708,81730.80498,37748.25931,,188106.8349,155916.2943,23635.77702,2368.983819,1902641.786
2007,11.5,,21210.33138,876461.0313,648602.9399,643221.4666,36682.00502,6853.383202,,17332.68672,32786.74419,1991.466752,2344.598806,2287486.654
2008,11.5,,0,139582.8958,463317.3422,586605.4215,356335.7849,4614.499286,,,7557.764464,3230.82844,3713.048183,1564957.585
2009,11.5,,0,536848.7331,1903759.248,971732.9877,338789.7251,583495.7144,101285.1527,0,100952.6192,61996.30619,5392.663848,4604253.15
2010,11.5,,14977.90571,52536.09105,742435.2294,117041.3015,4121.172737,6094.488735,8223.546774,2992.407318,19161.76714,13362.99655,1037.002814,981983.9097
2011,11.5,,8846.484798,197221.9581,277962.6064,126162.1648,21153.64346,1846.727342,0,0,0,273.6052711,147.3398749,633614.5301
2012,11.5,,0,3934.852668,156942.089,5412.206489,13555.096,12760.47959,3334.547484,59.27153097,13592.38218,693.0493221,5877.883021,216161.8572
2013,11.5,,326.2448719,19709.81076,6773.687998,732.7231886,666.1039685,325.8047836,,,785.2079558,5000.699787,1699.229097,36019.51241
2014,11.5,,961.4568165,6470.966344,7032.984505,1504.557212,618.6804569,577.5758484,0,0,0,0,0,17166.22118
2015,11.5,0,0,376.730499,17217.11445,24812.12288,2538.260189,0,0,1.407680902,623.9006019,1586.64295,0,47156.17925
2016,11.5,0.018961038,1429.693931,19664.77172,13611.68911,11818.86888,956.4695128,11085.90761,1.606597203,0.190209436,0,3697.188199,0,62266.40473
2017,11.5,,0,471.5338568,300.8290891,2623.694412,1327.937726,26559.00015,0,3.229391577,18531.07156,31058.34286,3315.815009,84191.45406
2018,11.5,1.40113457,26.88905707,2875.84177,1730.609822,29472.0587,36175.12254,,,,,,,70281.92302
1991,12,39526.09996,113733.8859,170042.8994,63172.43179,21996.20202,55643.3548,,16541.72688,6925.536022,3703.295247,2880.587134,3176.695606,497342.7147
1992,12,158646.9482,189373.6068,152250.8419,104374.5682,10462.22562,284.441219,40086.20351,14049.58509,119.1633537,378.4090187,4076.913397,0,674102.9063
1993,12,27911.2031,165194.161,77888.65247,34549.28505,38109.28494,20730.50163,33610.92204,6498.201478,3002.022674,3596.340632,2298.247563,4532.951127,417921.7737
1994,12,64751.20121,430860.7509,684209.1252,119591.1145,164029.5686,53231.6744,72716.17721,160441.1353,11770.1042,50381.91842,15461.34489,62586.13787,1890030.253
1995,12,202309.9856,243958.6985,55105.93962,18677.74711,4691.446628,1339.01657,10980.87796,169.1607489,19811.47885,9440.173935,11590.55766,766.0074207,578841.0905
1996,12,0,87323.92953,136935.5389,28315.14662,6808.639472,9343.575184,0,0,3551.938717,72860.15152,9690.736422,2363.549682,357193.2061
1997,12,18408.62315,50700.43407,226603.7633,56119.41058,18066.92273,255.9026086,1120.765453,1877.62293,2792.021079,23971.21662,65792.57751,,465709.2601
1998,12,146353.8159,331475.4501,495840.6514,471187.0627,207824.4116,130340.7766,46001.88391,118057.2631,284512.4606,153549.0358,57601.3342,8507.095549,2451251.241
1999,12,100533.2193,647350.5853,1244004.829,820136.0331,917277.1124,592746.0601,126487.0039,2902.017584,28031.66738,166104.2768,46553.2916,1937.799445,4694063.896
2000,12,112388.3571,198945.381,1018445.238,184302.5846,112935.3991,2141.941698,6978.469589,,35938.72477,31592.27601,31216.39846,0,1734884.77
2001,12,15347.28035,57946.32812,276954.4928,169651.5723,32761.39298,21353.12979,,,5773.573016,27378.69527,67726.27356,,674892.7382
2002,12,12441.87952,16080.67205,179840.2426,624282.3209,86259.84507,46677.59791,15529.14415,,23148.48717,,,,1004260.189
2003,12,4947.482761,267267.0833,1029463.828,827720.1614,390506.231,137042.9494,60800.21528,,358491.9543,69055.89093,21224.76832,0,3166520.565
2004,12,,822962.8996,1177393.662,810555.2144,463956.4092,8159.828529,48052.01643,,83485.043,38004.47165,7877.223465,9431.027695,3469877.796
2005,12,,1260817.109,849880.8572,733947.374,429168.0589,132230.5361,38730.13097,,40142.70576,19182.03125,,,3504098.804
2006,12,,274159.123,641899.619,710873.4574,586574.0166,148449.8295,67290.37529,,256838.1784,185693.4116,35282.39178,5922.459548,2912982.862
2007,12,,39925.32966,1069070.411,835734.8806,622093.7542,33537.83316,8099.452875,,23422.54962,48667.82341,3982.933503,3438.744916,2687973.713
2008,12,,0,136613.0469,605653.0774,744295.0509,393717.8807,5537.399144,,,7989.63672,4980.860511,2570.571819,1901357.524
2009,12,,0,547032.8554,1915873.232,863127.5361,286444.5315,590360.3699,156246.0882,0,83536.81648,74133.1492,8388.588208,4525143.167
2010,12,,15629.119,56038.49712,981787.4824,174982.5398,4121.172737,10157.48123,5482.364516,2647.129551,35725.32857,22357.32114,2419.673233,1311348.109
2011,12,,8846.484798,383127.9022,441387.8574,155199.4885,11702.01553,7156.068449,2045.746048,0,14247.14117,547.2105422,294.6797498,1024554.594
2012,12,,0,1967.426334,148852.2906,6642.253418,11295.91333,7401.07816,3334.547484,118.5430619,21461.65608,4158.295933,5877.883021,211109.8874
2013,12,,81.56121798,43525.8321,14879.90478,1953.928503,4079.886807,253.4037206,,,1099.291138,15141.00769,5777.378931,86792.19489
2014,12,,480.7284082,9059.352882,8114.982122,5471.117136,3217.138376,2117.778111,0.051649905,0.020876416,0,119.9026032,0,28581.07216
2015,12,0,0,0,38190.69023,36287.72971,1999.841361,0,0.81841344,1.876907869,3119.50301,2163.604023,0,81764.06366
2016,12,0.034129869,285.9387862,51407.11977,22091.10201,14618.07466,1986.513603,8566.38315,1.377083316,0.570628309,0,8421.373121,0,107378.4869
2017,12,,198.9966172,471.5338568,2707.461802,1431.106043,221.3229543,21135.95824,0,1.076463859,24227.09765,78814.71953,11273.77103,140483.0442
2018,12,0.727003786,255.4460421,12638.56778,4398.633297,14250.22618,33281.11274,,,,,,,64824.71304
1991,12.5,13175.36665,210742.2003,188425.9155,63172.43179,20907.28113,31031.87095,,24077.40246,10477.09296,6507.218791,8641.761403,1270.678243,578429.2202
1992,12.5,93225.52625,135903.4119,165807.4237,138274.0007,5565.01363,101.5861496,50635.20443,12672.17479,2144.940366,756.8180375,5201.579162,0,610287.6791
1993,12.5,9303.734366,108556.163,65161.74847,36778.27118,64739.8696,22325.1556,20117.48618,8094.250964,4288.603821,2351.45349,2298.247563,6043.934836,350058.919
1994,12.5,6266.245278,463688.2367,743705.5708,174110.5932,209672.579,60490.53909,84835.54008,126613.1851,8945.279194,104299.4101,16275.09989,13411.31526,2012313.594
1995,12.5,129815.5741,241277.8336,74471.74126,23249.22368,10449.13113,1339.01657,24073.46323,338.3214978,17875.01851,8619.289245,7320.352207,1149.011131,539977.9762
1996,12.5,12968.77534,54057.67066,160014.5623,31011.82725,3890.651127,12937.25795,515.6039488,2315.762759,2367.959145,44068.64003,4845.368211,0,328994.0787
1997,12.5,51544.14481,35739.65025,185151.8554,83526.56459,27853.17254,0,1018.877685,3285.840128,2233.616863,13398.75863,47189.15904,,450941.6399
1998,12.5,76891.4718,238109.865,395741.3649,406819.9933,189125.5571,120974.9723,147690.2589,144511.5663,281138.795,221339.3016,109442.535,13185.9981,2344971.679
1999,12.5,80785.62263,568883.8477,935465.3729,674133.7943,731944.9081,424281.3904,83192.79451,2730.638592,49877.03576,261715.5191,58076.38358,645.9331484,3871733.241
2000,12.5,35833.96893,188610.556,762603.922,128664.0685,114916.7219,4283.883396,4854.58754,,55669.78935,31007.23386,6243.279691,0,1332688.011
2001,12.5,19184.10044,18692.36391,163606.322,112557.2931,19110.81257,16259.72269,,,6873.30121,14044.9151,92107.73204,,462436.5631
2002,12.5,31104.6988,26801.12008,56521.21911,419009.829,106044.2132,26052.61279,15859.55147,,23148.48717,,,,704541.7316
2003,12.5,4947.482761,325278.5433,845631.002,530258.2284,346861.4169,129905.2957,57760.20452,,310879.7417,141564.5764,19549.12871,0,2712635.62
2004,12.5,,577042.2214,1190475.814,700283.3269,361200.9629,23663.50274,22761.48147,,72675.68481,61454.03926,31946.51738,7980.100358,3049483.651
2005,12.5,,682414.0894,903403.8883,679112.2253,429168.0589,137283.9324,36002.65695,,55169.38706,43709.87448,,,2966264.113
2006,12.5,,212318.7193,685021.4744,964623.5629,592324.7423,170133.5124,77958.36162,,241464.0621,206785.5363,50354.48147,22505.34628,3223489.799
2007,12.5,,25369.21989,1210435.094,1104623.494,550494.2843,54498.97888,7476.418039,,22954.09863,67366.51346,17742.15833,4376.584438,3065336.844
2008,12.5,,872.363704,120575.8632,440078.8548,850735.5508,366585.7144,7690.832144,,,19866.12374,6057.803325,7997.334549,1820460.441
2009,12.5,,0,350624.7823,1472315.032,777386.3902,221013.0396,598941.1892,111884.7617,0,82060.901,74461.17199,9586.957951,3698274.226
2010,12.5,,16280.33229,46698.7476,917516.97,241035.5515,7291.305612,1015.748123,7614.395161,1035.833302,40272.18858,26725.99309,2419.673233,1307906.739
2011,12.5,,5897.656532,389594.1959,423229.4962,155199.4885,7201.240327,6694.386614,2045.746048,0,4274.142352,820.8158133,1031.379124,995988.5474
2012,12.5,,0,0,134290.6534,9594.366048,15814.27866,6635.449385,3334.547484,148.1788274,28854.00428,9356.165849,13611.93963,221639.5836
2013,12.5,,81.56121798,82534.83257,18877.49114,2198.169566,3413.782838,977.4143507,,,1099.291138,6945.416371,3228.535285,119356.4945
2014,12.5,,480.7284082,28472.25191,16770.96305,8343.453632,2103.513553,2502.828676,0.06886654,0.020876416,571.6381722,479.6104128,0,59725.07756
2015,12.5,0,0,125.576833,35373.34423,37528.33585,615.3358034,0,0.81841344,0.938453935,4852.560237,5481.130192,3115.235306,87093.27533
2016,12.5,0.01516883,735.2711646,48619.98677,19562.1543,9952.731686,2060.088181,6886.70018,2.63940969,0.380418873,0,8079.04088,0,95899.00816
2017,12.5,,397.9932344,3457.91495,4512.436336,834.8118583,0,12931.86918,0,0.506571228,21493.00513,79927.92178,35810.80209,159367.2611
2018,12.5,0.40976577,282.3350992,26412.33625,7210.874258,9716.063307,25467.28627,,,,,,,69089.30495
1991,13,13175.36665,150530.143,153957.7603,71968.59318,19165.0077,14980.90322,,21320.44798,7635.847409,8570.483286,13959.76842,2541.356485,477805.6776
1992,13,39252.85316,144815.1111,242975.6586,150763.2652,6010.214721,30.47584489,65667.53075,9917.35418,2740.757135,1108.197841,5763.912044,0,669045.3306
1993,13,9303.734366,63717.74783,39707.94048,40121.75038,52802.0213,8292.200652,7850.726315,5472.169666,6004.045349,4979.548567,2298.247563,0,240550.1325
1994,13,0,451377.9295,499770.1436,233906.1505,238199.4605,89525.99785,47545.19279,130479.2365,28719.05425,102531.6235,48011.54467,10431.02298,1880497.357
1995,13,62378.91222,284171.6707,79195.10752,20636.95135,13114.7258,2678.033141,17456.78035,293.2119648,19215.6449,4104.42345,4270.205454,766.0074207,508281.6743
1996,13,25937.55067,31187.11769,110779.3124,30337.6571,8753.965035,14853.88875,773.4059231,3859.604599,21311.6323,14101.96481,2422.684106,0,264318.7834
1997,13,36817.2463,39064.26887,168571.0922,112891.3724,16561.34584,1023.610434,509.4388423,2581.731529,1396.01054,10886.49139,33032.41133,,423335.0197
1998,13,229931.5026,162975.4296,288658.4074,302223.5055,188591.3041,140487.0646,225167.116,173729.7518,337928.8316,374071.5872,201604.6697,33177.67264,2658546.843
1999,13,46676.13752,501626.644,863254.0107,531736.5489,666257.5445,343168.7716,73005.92171,3890.303099,108646.8763,350034.3785,114769.9961,322.9665742,3603390.1
2000,13,13030.53416,180859.4372,383761.9737,108958.7607,82224.89587,8567.766792,3337.528934,,41576.17179,29252.10742,20290.659,0,871859.8356
2001,13,25578.80059,33646.25504,58812.73014,57909.91169,2047.587062,10774.51503,,,17870.58315,11200.37534,127325.3943,,345166.1523
2002,13,18662.81928,32161.3441,66797.8044,408428.7727,114749.3352,23338.79896,9912.219668,,21885.84241,,,,695936.9367
2003,13,0,274518.5158,588265.0448,420326.6445,222818.2612,134187.8879,24320.08611,,340287.2848,107036.6309,30161.51287,0,2141921.869
2004,13,,443431.7741,996423.8956,1045877.696,340961.2537,18767.60562,48052.01643,,88314.75623,105927.3572,53827.69368,13783.80971,3155367.858
2005,13,,413507.4222,617947.7225,860490.0246,506284.1944,176868.87,62186.40747,,68908.0671,79243.80121,,,2785436.51
2006,13,,101005.9927,478036.5685,1363906.817,747594.3349,158457.6831,114065.3923,,374404.9503,316381.8705,206556.1383,27243.31392,3887653.062
2007,13,,35766.44116,883529.2654,930209.2584,559884.3787,95373.21304,12149.17931,,27170.15756,92725.01092,40553.50476,4532.891025,2681893.3
2008,13,,872.363704,147304.5028,403768.7183,1030501.728,312321.3817,5845.032429,,,30878.86624,11038.66384,15137.81182,1957669.069
2009,13,,0,232779.9385,888048.2442,524450.0095,174483.9786,521713.8153,65953.12267,2679.363636,80880.16861,87582.08335,8388.588208,2586959.313
2010,13,,13675.47912,64210.77796,1094814.935,289706.1917,12363.51821,5078.740613,8528.12258,805.6481241,56835.75001,44200.68088,6222.016886,1596441.861
2011,13,,8846.484798,475272.5876,615987.4845,250321.7556,7651.317848,18467.27342,7160.111168,0,28494.28234,1368.026355,1178.718999,1414748.043
2012,13,,0,0,159369.0285,4674.178331,18826.52222,14036.52755,3334.547484,0,34577.11257,16286.65907,31245.58869,282350.1644
2013,13,,244.6836539,201614.9393,33202.17559,7571.472949,11157.24147,1375.620197,,,392.6039779,5417.42477,5267.610201,266243.7721
2014,13,,1442.185225,50473.53748,45443.89988,16686.90726,5939.332386,4428.081504,0.06886654,0.062629248,381.0921148,599.513016,69.86184979,125464.5422
2015,13,0,0,502.307332,47894.88201,60479.54952,846.0867296,0,0.81841344,1.251271913,7140.195777,14424.02682,4672.852959,135961.9708
2016,13,0.034129869,1838.177912,95072.20342,32653.17771,10263.75455,5297.369609,6718.731883,4.590277722,0.760837745,422.3983864,18349.0081,676.5120805,171296.7189
2017,13,,1691.471246,8016.075565,8423.214494,2742.953249,1106.614772,3476.308921,0,0.084428538,26201.72003,96514.63535,46089.82862,194262.9067
2018,13,0.528730026,1250.341154,45029.62771,15431.27091,15869.57007,28361.29607,,,,,,,105942.6346
1991,13.5,15810.43998,153875.2573,181532.2845,83163.70767,11106.9931,9630.580639,,12681.99061,5504.913249,10422.13091,19056.19181,12706.78243,515491.2722
1992,13.5,22897.49767,148156.9983,247146.9146,135597.7297,7123.217447,0,63294.00554,17906.33394,4051.554025,1459.577644,8575.576456,0,656209.4052
1993,13.5,0,23599.16586,58543.75839,41236.24344,50965.42926,1594.653972,1472.011184,8094.250964,7505.056686,4702.90698,11491.23782,1510.983709,210715.6983
1994,13.5,0,299550.8078,565216.2338,225112.6862,195409.1383,107673.1596,23306.46706,134345.288,24481.81674,101647.7302,69982.92952,17881.75368,1764608.011
1995,13.5,25288.7482,166213.6187,71952.61259,28212.54109,16953.18213,6843.862471,24495.80469,394.7084142,10129.17716,2736.2823,2287.610065,383.0037104,355891.1515
1996,13.5,29179.7445,60295.0942,72314.27335,31011.82725,3890.651127,22041.25428,257.8019744,1543.84184,24863.57102,12339.21921,2422.684106,0,260159.9629
1997,13.5,64430.18102,56518.51667,221076.8423,132467.911,29358.74944,4350.344346,2649.08198,3520.542995,3908.829511,8688.257551,19692.39906,,546661.6559
1998,13.5,111436.9157,123198.3756,179247.5594,203661.4305,129289.2227,156877.2221,186428.6874,163463.9028,297444.8452,315265.5735,311767.2213,42535.47774,2220616.434
1999,13.5,55652.31781,383926.5376,705701.9479,454229.1876,520806.9538,266735.727,29711.71233,2513.558537,90474.623,362188.35,134128.7906,2583.732593,3008653.439
2000,13.5,8144.083848,144687.5498,78720.40486,97367.40317,59439.68376,4283.883396,2730.705491,,22549.78809,25741.85453,4682.459769,0,448347.8167
2001,13.5,10231.52023,7476.945564,24594.41442,44859.79075,2047.587062,9599.113394,,,10722.34989,21334.04826,79917.0028,,210782.7724
2002,13.5,0,26801.12008,38537.19485,114275.4079,128994.0802,30937.47769,6277.739123,,35354.05313,,,,381177.073
2003,13.5,0,147100.4877,459582.0663,342727.8793,124043.1557,85651.84335,15200.05382,,355691.2359,100131.0418,17314.94258,0,1647442.707
2004,13.5,,203320.2458,601778.9829,776450.5069,314493.9418,35087.26268,70813.49789,,75435.52094,108353.1745,84898.96401,25391.22841,2296023.326
2005,13.5,,180116.7299,390880.3179,749413.6979,472755.4398,194555.757,57822.44905,,101752.0991,102828.2659,,,2250124.757
2006,13.5,,41226.93579,393024.9107,1158667.761,661333.4501,100078.5367,88626.34795,,480215.0449,441280.3344,108245.0078,54486.62784,3527184.957
2007,13.5,,33686.9969,685618.7099,821200.3609,469504.7201,72315.95275,12772.21415,,30449.3145,128585.5124,70425.50603,6564.876657,2331124.164
2008,13.5,,4361.81852,115824.105,399411.5019,811313.1434,283380.4042,6767.932287,,,54847.7764,13057.93161,21421.43183,1710386.045
2009,13.5,,0,113480.22,371806.1379,430134.749,77063.75721,233398.2858,30228.51456,0,63169.18278,61012.23784,10186.14282,1390479.228
2010,13.5,,13024.26583,31521.65463,806705.7418,288547.367,12997.54479,3047.244368,14924.21452,345.2777675,62681.71286,41116.91245,6222.016886,1281133.953
2011,13.5,,0,271584.3358,463736.6097,220283.1449,3150.542643,24469.13728,1022.873024,0,4274.142352,1094.421084,1620.738624,991235.9454
2012,13.5,,0,3934.852668,135908.6131,2214.084473,30122.43555,11994.85081,4001.456981,0,37200.20387,20444.955,35267.29813,281088.7506
2013,13.5,,897.1733978,218039.7816,46860.59565,23447.14204,20066.38205,2968.443584,,,1177.811934,3194.891531,5607.456021,322259.6778
2014,13.5,,961.4568165,66003.85671,74116.83671,28176.25325,5320.651929,2887.879242,0.120516446,0.062629248,1714.914517,239.8052064,69.86184979,179491.6994
2015,13.5,0.0149586,0,2511.53666,16904.07601,42490.76043,230.7509263,0,0.81841344,0.469226967,10883.59939,36781.26839,1557.617653,111360.9121
2016,13.5,0.072051945,326.7871843,65497.62549,22314.24445,12440.91461,5444.518765,5374.985506,5.623090209,0.570628309,1548.794084,24442.52198,676.5120805,138073.1699
2017,13.5,,1790.969555,18232.64246,17147.25808,4770.353476,663.968863,5562.094273,0,0.147749941,26505.50809,97293.87693,56368.85515,228335.6746
2018,13.5,0.475857024,4073.692146,51613.79176,21344.1878,14250.22618,15338.25196,,,,,,,106620.6257
1991,14,13175.36665,153875.2573,135574.7441,90360.56699,10453.64057,7490.451608,,13049.58454,9234.04803,8411.770633,30135.3731,35578.99079,507339.7944
1992,14,14719.81993,100256.6154,253403.7985,107050.8392,9126.622354,0,65140.0807,13774.10303,5362.350915,1973.132741,8434.993235,1324.535249,580566.8912
1993,14,0,7079.749759,32071.79808,40864.74576,37190.98892,1594.653972,1226.675987,8208.254498,8577.207641,5809.473329,43666.7037,0,186290.2516
1994,14,4177.496852,176447.7361,351029.0294,188180.1361,99844.08524,105253.538,17246.78562,86019.64482,40018.35429,129048.4226,88699.2944,53645.26103,1339609.785
1995,14,25288.7482,96511.13345,79195.10752,18416.51988,29428.16521,5356.066282,17738.34133,473.650097,9533.343206,3009.91053,2592.62474,383.0037104,287926.6141
1996,14,58359.48901,37424.54123,56928.25774,28989.31678,8753.965035,11739.36369,257.8019744,1543.84184,17759.69359,7050.982406,2422.684106,0,231229.9374
1997,14,46021.55787,58180.82598,179624.9343,93967.38516,50436.82595,7421.17565,2954.745285,2347.028663,3350.425295,3873.078667,16153.21213,,464331.195
1998,14,113294.1976,79554.10802,94861.53307,134768.5516,62507.59939,190438.0209,159796.0178,108581.0949,213665.4842,266260.562,311767.2213,51893.28285,1787387.674
1999,14,77195.15052,322274.1009,649902.259,427191.7359,452773.613,221499.8435,34805.14872,2696.362794,94727.70357,327346.9651,159940.5167,4198.565464,2774551.965
2000,14,1628.81677,103348.2499,132840.6832,79980.36689,61421.00655,4283.883396,3640.940655,,35938.72477,8190.590077,3121.639846,0,434394.902
2001,14,7673.640176,3738.472782,17109.15786,26915.87445,2047.587062,3918.005467,,,9622.621694,70757.92673,58244.59526,,200027.8815
2002,14,18662.81928,8040.336025,25691.46323,175645.5344,153526.6967,20082.22236,6277.739123,,52610.19811,,,,460537.0092
2003,14,0,62155.13566,253689.3006,358894.2887,89586.72358,89934.43552,21280.07535,,323482.9744,82867.06911,10053.83762,0,1291943.841
2004,14,,242047.9116,420809.2163,809418.3908,320721.5446,39983.15979,70813.49789,,96134.29194,175467.4542,74395.99939,33008.59693,2282800.063
2005,14,,134453.3336,181653.9237,611622.8116,546518.7,160866.4484,82915.20996,,115276.1123,165405.7121,,,1998712.252
2006,14,,30920.20184,369615.9035,1044853.376,672834.9014,95074.60987,99294.33428,,505537.1188,538055.9654,175384.3164,74622.9903,3606193.718
2007,14,,66126.32726,471804.6277,664954.2745,396731.4885,50306.74974,15575.87091,,58087.92305,188523.7791,102651.0589,4689.197612,2019451.297
2008,14,,3489.454816,87907.52586,241825.5093,648892.8251,214042.6457,9228.998573,,,101489.98,26385.09892,33131.81456,1366393.853
2009,14,,0,65469.35769,199414.8208,147188.9673,55980.27647,103827.9139,13740.23389,0,61102.9011,67900.71631,10785.3277,725410.5151
2010,14,,22792.46521,30354.18594,569569.7133,197000.2104,18069.75739,2031.496245,20102.00322,345.2777675,67553.34858,42144.83526,9333.025329,979296.3186
2011,14,,0,215004.2658,393896.7588,193248.3953,0,38550.43326,3068.619072,189.5241822,14247.14117,36115.89578,2357.437998,896678.4714
2012,14,,0,3934.852668,139953.5123,492.0187717,20332.644,14036.52755,6669.094968,29.63576549,37915.5924,32573.31814,59706.917,315644.1136
2013,14,,407.8060899,145359.8544,51524.44641,36147.6773,25228.68781,4344.063781,,,1177.811934,10001.39957,9515.682944,283707.4302
2014,14,,6489.833511,81534.17593,152020.6651,39939.15509,7671.637665,4043.030938,0.06886654,0.114820288,9146.210755,2398.052064,628.7566481,303871.7014
2015,14,0,0,6781.148982,53529.57402,41870.45736,230.7509263,0,0.81841344,1.407680902,7278.840356,46878.08717,18691.41184,175262.4967
2016,14,0.280623364,1960.723106,56516.8636,26925.85497,11352.33458,8755.374771,6046.858694,7.803472127,0.760837745,4223.983864,30672.96877,225.5040268,146689.3113
2017,14,,1691.471246,23576.69284,28879.59255,15265.13112,1991.906589,3754.413634,0,0.168857076,18986.75365,59111.03964,39126.6171,192383.7872
2018,14,0.343674517,6776.042381,63646.91917,25959.14733,20727.60172,21994.4745,,,,,,,139104.5288
1991,14.5,23715.65997,93663.20012,80425.69566,43980.80694,7404.662068,2140.129031,,5513.90896,3018.823394,8305.962197,36339.71462,50827.1297,355335.6927
1992,14.5,1635.535548,53470.19486,223162.1929,80288.12942,7642.618719,0,62502.83047,18457.29806,6553.984452,2865.096856,15042.4046,7947.211496,479567.4974
1993,14.5,0,2359.916586,33089.9504,49037.69491,26630.58466,0,13493.43585,11742.36407,10078.21898,8852.530787,59754.43664,1510.983709,216550.1166
1994,14.5,4177.496852,168240.8646,279633.2946,123108.5003,34232.2578,84686.75473,5593.552093,87952.67054,25894.22924,132583.9958,92768.06937,32783.21507,1071654.901
1995,14.5,26974.66474,67021.62045,31331.66281,17371.61095,29108.29385,10117.01409,12529.46332,530.0370133,7447.92438,2325.839955,762.5366882,1149.011131,206669.6794
1996,14.5,29179.7445,64453.37656,83084.48427,20899.27489,11185.62199,10541.46944,1031.207898,4631.525519,18943.67316,2350.327469,0,0,246300.7057
1997,14.5,97565.70269,83115.46569,204496.0791,73738.2953,72267.69092,14842.3513,7641.582635,9388.114652,1675.212648,6699.379317,11797.28976,,583227.164
1998,14.5,100293.2241,54693.44926,36082.30092,92527.66226,71589.90015,180291.7329,130742.1964,64753.81657,135508.8992,213171.7997,182884.2361,45938.31596,1308477.533
1999,14.5,138233.1765,299855.033,597384.9048,448821.6972,471541.4312,179383.6761,33956.24266,1976.571031,104200.4739,350034.3785,168237.1429,4844.498613,2798469.226
2000,14.5,3257.633539,85262.30613,73800.37955,102003.9462,26747.85769,5354.854245,910.2351638,,15150.63887,11115.80082,1560.819923,0,325164.4721
2001,14.5,1278.940029,3738.472782,4277.289464,4078.162795,0,1763.10246,,,14708.86459,69157.87311,25735.98395,,124738.6892
2002,14.5,18662.81928,13400.56004,28260.60955,65602.54898,102087.3396,11398.01809,3964.887867,,58502.5403,,,,301879.3237
2003,14.5,0,29005.72998,128682.9786,119631.4296,52833.19596,71376.53613,0,,236660.7042,93225.45275,5585.465347,0,737001.4925
2004,14.5,,286584.7274,231118.0152,434266.6085,197726.3892,33455.29697,126452.6748,,102113.9369,135037.1652,62142.54067,31194.93776,1640092.293
2005,14.5,,98937.35868,121643.2525,302296.3322,338640.4214,165077.612,73641.79832,,137601.4673,199681.8007,,,1437520.043
2006,14.5,,14429.42753,64066.7566,582132.595,442805.8753,36695.46346,60725.46063,,381639.8285,531025.2571,186345.8362,79360.95794,2379227.458
2007,14.5,,106051.6569,395821.1109,510525.0031,241794.9309,20961.14572,9968.557385,,110554.4342,221310.5233,103556.2711,2344.598806,1722888.232
2008,14.5,,16574.91038,76622.10024,123454.4642,491203.1957,118778.595,26764.09586,,,118548.934,40654.5912,31703.7191,1044304.606
2009,14.5,,0,59649.85923,119276.1545,70021.93588,45075.0278,56633.40758,12955.07767,0,61693.2673,46579.23534,8388.588208,480272.5535
2010,14.5,,14326.69241,30354.18594,241568.4776,79958.90892,15850.66437,5078.740613,20711.15484,230.1851783,61057.83429,34692.39488,14863.707,518692.9461
2011,14.5,,0,69512.65737,171806.0331,126162.1648,0,29316.79655,6137.238144,0,9972.998821,35295.07997,4714.875997,452917.8448
2012,14.5,,6696.895175,17706.83701,77662.06464,3690.140788,15061.21778,18375.0906,7336.004465,29.63576549,34815.57541,33266.36746,51663.49813,266303.3272
2013,14.5,,1304.979488,101012.7802,40864.21612,26622.27585,19650.06707,3692.454214,,,863.7287514,12223.93281,13593.83278,219828.2672
2014,14.5,,10576.02498,20707.0923,201792.5554,40623.04473,7547.901574,2117.778111,0.086083176,0.135696704,9527.30287,6714.545779,1781.47717,301387.9447
2015,14.5,0.0149586,0,14315.75896,77946.57269,60169.39798,230.7509263,0,0.81841344,0.312817978,9358.509029,69379.56901,14018.55888,245420.2637
2016,14.5,0.360259724,5963.866113,19664.77172,11380.26467,9641.708821,6695.286589,4199.207427,5.164062437,12.55382279,4364.783326,31220.70035,2029.536242,95178.2034
2017,14.5,,4974.915431,29077.92117,27074.61802,25521.3911,7082.334538,3615.361277,0,0.084428538,26885.24316,60112.92167,19563.30855,203908.0993
2018,14.5,0.211492011,6601.26351,50629.95116,19253.03427,25585.63338,25467.28627,,,,,,,127537.3801
1991,15,28985.80663,53521.82864,52851.17143,39982.55177,3702.331034,1070.064515,,2573.157515,710.3113869,7618.207365,28141.12047,102924.9376,322081.4884
1992,15,0,22279.24786,129308.9342,76719.76811,6529.615993,0,29537.20259,10743.80036,8579.761465,2027.191172,15464.15426,10596.28199,311785.958
1993,15,0,0,12217.82784,48294.69953,15151.88437,0,19136.14539,7410.229755,12758.59637,8022.606025,62052.6842,1510.983709,186555.6572
1994,15,4177.496852,41034.35723,184438.9816,61554.25013,17116.1289,36294.32345,2330.646706,67655.90042,28719.05425,96344.37032,85444.27442,49174.82261,674284.6068
1995,15,18545.08201,83106.80936,18578.57393,17632.83818,22390.99527,10265.79371,8728.390177,315.7667313,4617.713116,4104.42345,838.790357,383.0037104,189508.18
1996,15,12968.77534,49899.3883,73852.87491,26966.80631,12158.28477,16770.51956,2320.217769,10806.89288,63934.89691,15277.12855,0,0,284955.7853
1997,15,82838.80417,104725.4868,257001.8291,109628.616,115929.4209,22775.33217,12022.75668,10796.33185,5584.042159,8792.935353,8167.354449,,738262.9096
1998,15,55347.00144,41434.43126,36082.30092,50286.77297,47014.26279,142048.032,50844.18748,30402.70656,77594.30743,115978.527,89282.06801,25095.93187,761410.5297
1999,15,111304.6356,375519.3871,423421.1688,324449.4197,546612.7038,166904.8117,52632.17612,1268.204535,113866.5661,261715.5191,142886.3406,6459.331484,2527040.265
2000,15,17916.98447,43923.00619,147600.7591,134459.7472,47551.74701,3212.912547,1517.058606,,18321.70282,9360.674373,1560.819923,0,425425.4123
2001,15,1278.940029,1869.236391,0,2446.897677,0,195.9002733,,,4673.844823,30756.58624,5418.101885,,46639.50732
2002,15,0,5360.224017,5138.292646,48672.85892,64101.35276,5427.627664,2643.258578,,94698.3566,,,,226041.9712
2003,15,0,4143.675711,40443.22183,71132.20137,22970.95476,31405.6759,15200.05382,,144236.9973,44886.3291,10053.83762,2142.409473,386615.3568
2004,15,,375658.3589,250741.2429,298984.6022,175929.7793,17135.63991,123923.6213,,116603.0766,170615.8195,68706.89355,11970.15054,1610269.185
2005,15,,88789.93728,77851.68158,160287.3575,234701.2822,106963.5547,56731.45944,,136098.7992,184587.7433,,,1046011.815
2006,15,,20613.46789,144150.2024,240689.4383,212776.8492,16679.75612,40210.10231,,261359.9774,504143.1374,181892.7188,42641.70875,1665157.359
2007,15,,145145.2089,438230.5156,472371.889,180759.3172,10480.57286,5607.313529,,129292.4739,298410.6015,106452.95,2188.292219,1788939.135
2008,15,,27043.27482,92065.31424,90775.34134,264130.1293,115160.9728,25225.92943,,,177499.4968,50616.31222,45413.43547,887930.2065
2009,15,,0,23277.99385,42864.86803,64305.85948,39258.89518,33465.19539,5888.671667,2679.363636,102723.7178,64292.46568,9586.957951,388343.9887
2010,15,,9116.986082,33856.59201,82000.30892,42876.51638,15533.65109,6094.488735,11269.30484,0,39622.63715,24927.12817,18320.38305,283617.9964
2011,15,,0,50113.77624,61459.06875,64082.36943,0,24238.29636,5625.801632,0,9972.998821,12038.63193,2652.117748,230183.0609
2012,15,,4464.596784,21641.68968,63100.42752,0,5271.426222,15312.5755,5335.275975,0,25515.52445,38117.71272,60016.27927,238775.5081
2013,15,,1060.295834,57076.327,26650.57573,19050.8029,19566.80407,3149.446241,,,2041.540685,17363.54093,11384.83495,157344.1683
2014,15,,16585.13008,27178.05864,165545.6353,47461.94115,4454.499289,3465.45509,0.120516446,0.125258496,12957.1319,4076.688509,3667.747114,285392.5328
2015,15,0.0149586,146.3686242,15320.37363,167162.5294,103280.4615,307.6679017,590.4058372,0,0.312817978,12893.94577,88130.80387,18691.41184,406524.2961
2016,15,0.656051918,5310.291745,26477.76349,16810.06415,10574.77742,11330.485,4031.23913,5.737847152,23.01534179,9433.563964,41148.33533,4284.57651,129430.506
2017,15,,5969.898517,27977.6755,31887.88344,41144.29873,11730.11658,5283.989559,0,0.063321403,26505.50809,60112.92167,11936.93403,222549.2894
2018,15,0.118964256,4974.475558,33299.22049,13628.55235,18784.38906,32991.71176,,,,,,,103678.4682
1991,15.5,47431.31995,26760.91432,16085.13913,19991.27588,1524.489249,1070.064515,,735.1878614,887.8892336,2592.306673,17505.10643,77511.3728,212095.066
1992,15.5,4906.606645,26735.09743,57354.76921,28546.89046,2745.406724,0,11867.62604,6611.569453,9413.90494,2216.395681,16588.82003,27815.24024,194802.3268
1993,15.5,3101.244789,0,8654.294719,31577.30354,7346.368181,0,21834.83256,9462.29338,7505.056686,10097.41793,52859.69395,10576.88596,163015.3917
1994,15.5,2088.748426,12310.30717,113043.2468,42208.62866,2852.68815,16937.35095,0,49292.15602,8945.279194,75130.93098,35805.21976,26822.63051,385437.1866
1995,15.5,55635.24603,50936.43154,16689.22743,12016.45269,11835.24036,10414.57333,7039.024336,304.4893481,2830.211264,8208.8469,1143.805032,6128.059366,183181.6076
1996,15.5,35664.13217,41582.82359,75391.47647,31011.82725,15076.27312,11260.20599,1804.613821,6947.288278,63934.89691,10576.47361,0,0,293250.0112
1997,15.5,84679.66648,98907.40417,251474.9081,116806.6802,96356.92123,23287.13738,11207.65453,7745.194588,13122.49907,5129.212289,5263.406201,,713980.6842
1998,15.5,25630.4906,31490.16776,19205.09565,31177.79924,25109.89035,67121.59753,16948.06249,12634.89104,20804.27083,32670.00761,34560.80052,9357.805104,326710.8787
1999,15.5,102328.4553,246609.7468,305257.1217,174842.1873,436351.7721,166904.8117,34805.14872,874.0328549,93374.45066,208238.0446,105090.5989,4844.498613,1879520.869
2000,15.5,16288.1677,23253.35622,108240.5567,133300.6115,41607.77863,1070.970849,910.2351638,,10570.21317,5265.379335,7804.099614,0,348311.3688
2001,15.5,0,0,0,1631.265118,0,0,,,4536.378799,13511.5639,2709.050942,,22388.25876
2002,15.5,0,5360.224017,15414.87794,4232.422515,10287.87143,542.7627664,330.4073223,,53451.96128,,,,89620.52727
2003,15.5,0,5179.594639,11029.96959,16166.4094,9188.381905,21412.96084,6080.021528,,68617.60064,37980.74001,558.5465347,0,176214.2251
2004,15.5,,280775.5775,187510.8425,114819.1818,76288.1344,13055.72565,60697.28391,,87624.79719,117247.8381,54702.94073,14872.00521,1007594.327
2005,15.5,,91326.79263,118399.4324,112482.3562,63704.63374,74116.47885,39275.62577,,98102.7622,156286.3857,,,753694.4675
2006,15.5,,28858.85505,160166.8915,113814.3856,103513.0618,25019.63418,23797.81565,,153741.1632,463199.6012,128455.3099,43826.20065,1244392.919
2007,15.5,,175505.095,489475.213,517792.263,133808.8452,4192.229145,2803.656764,,141472.1997,375254.5332,112789.4351,937.8395224,1954031.31
2008,15.5,,34022.18446,83749.73747,66810.65123,164785.6628,101293.4211,25841.196,,,201036.5348,38904.55913,25991.33728,742435.2842
2009,15.5,,0,14548.74615,12113.98444,71450.95498,39258.89518,26600.53992,7458.984112,0,111874.3938,55435.85051,8388.588208,347130.9373
2010,15.5,,7814.559499,16344.56166,93081.43174,30129.44394,12680.5315,0,6700.667742,0,23383.85143,12849.03514,9333.025329,212317.108
2011,15.5,,0,25865.17483,27935.94034,29037.32365,0,20083.15984,2045.746048,0,2849.428234,23256.44804,2799.457623,133872.6786
2012,15.5,,2232.298392,13771.98434,64718.3872,0,3765.304444,8677.126119,0,0,13115.45649,19405.38102,32483.03775,158168.9757
2013,15.5,,407.8060899,34902.78989,10882.31842,5861.785509,8659.35159,1158.417008,,,235.5623867,5417.42477,2208.997826,69734.45349
2014,15.5,,19950.22894,7765.159613,88723.80453,25714.25054,1979.777462,1155.151697,0.017216635,0.10438208,2858.190861,4916.006731,3353.36879,156416.0608
2015,15.5,0.074793,512.2901847,7785.763646,146188.9536,98007.88537,230.7509263,0,0,0,10744.95481,66350.52338,49064.95607,378886.1528
2016,15.5,0.690181787,2695.99427,20593.81605,12719.11934,8086.594495,7835.692547,3023.429347,3.098437462,1.52167549,9292.764501,36698.0162,4059.072483,105009.8095
2017,15.5,,1890.467864,29549.45502,24968.81439,35300.61572,10402.17885,1390.523568,0,0.105535672,17315.91932,59556.32055,7626.37452,188000.7754
2018,15.5,0.039654752,3159.464206,27169.13672,13051.68241,25585.63338,21415.67254,,,,,,,90381.62891
1991,16,55336.53994,16725.57145,2297.877019,7196.859318,1088.920892,0,,0,0,1163.892792,13738.18479,56545.18179,154093.028
1992,16,1635.535548,31190.947,25027.53565,19625.98719,2374.405816,0,4219.600369,3581.266787,3574.90061,1297.40235,18275.81868,59604.08622,170407.4862
1993,16,9303.734366,0,7636.142399,22661.35901,10101.25625,0,16682.79342,3762.116645,4824.679298,6086.114916,34473.71345,25686.72305,141218.6328
1994,16,6266.245278,32827.48578,47597.15653,36932.55008,1426.344075,8468.675473,1398.388023,25129.33444,6120.454185,23865.11925,33363.95477,16391.60754,239787.3154
1995,16,85981.74387,88468.539,19050.91056,10579.70291,13647.84474,8331.65866,5490.438982,225.5476652,2532.294289,22574.32897,610.0293506,26044.25231,283537.2913
1996,16,16210.96917,110194.4825,66159.86711,38427.69899,13617.27894,15093.4676,3093.623693,13122.65564,50911.12161,27616.34775,0,0,354447.513
1997,16,73634.49259,92258.16691,245947.987,138340.8726,83559.51763,20984.01391,11003.87899,5867.571658,8096.86113,9944.391173,4083.677225,,693721.4308
1998,16,10400.77879,20440.98609,10475.50672,16594.63508,18698.85452,51511.92369,16948.06249,5922.605174,10683.27421,17968.50419,5040.116742,3402.83822,188088.0859
1999,16,61038.02599,210178.7615,210069.4171,266769.5229,473887.4084,168464.6697,40747.49119,399.8843127,78681.99051,197704.6027,100020.4384,5167.465187,1813129.678
2000,16,8144.083848,46506.71244,137760.7085,141414.5617,48542.4084,3212.912547,1820.470328,,8808.510973,2925.210742,1560.819923,0,400696.3994
2001,16,3836.820088,1869.236391,0,0,0,0,,,137.4660242,3911.242181,0,,9754.764684
2002,16,0,0,7707.438969,2116.211257,791.3747254,0,330.4073223,,40825.51373,,,,51770.94601
2003,16,0,7251.432494,3676.65653,12933.12752,0,5710.12289,0,,19605.02875,6905.589093,0,0,56081.95728
2004,16,,236238.7618,135182.2353,89809.06302,49820.82246,13055.72565,35406.74895,,48067.14597,50942.16413,31946.51738,11244.68687,701713.8715
2005,16,,68495.09447,124887.0725,206686.3294,43587.38098,31162.61042,12546.38045,,82861.41403,104086.104,,,674312.3863
2006,16,,39165.589,190968.2168,147398.9584,69008.70784,33359.51224,19694.74399,,160071.6816,337887.5663,87007.06323,29612.29774,1114174.337
2007,16,,182575.2054,507145.7983,461470.9993,93900.94402,4192.229145,1246.069673,,108680.6302,331197.3457,87624.53707,625.2263483,1778658.985
2008,16,,51469.45854,121763.8027,97311.16592,109594.2925,92249.36563,34147.29472,,,148348.1196,78078.35396,37416.10093,770377.9545
2009,16,,0,7274.373077,931.8449572,45728.61119,30534.69625,29174.78572,9029.296556,0,137260.1402,57075.96443,5991.84872,323001.5611
2010,16,,12373.05254,19846.96773,113027.4528,26652.96964,14265.59794,10157.48123,5482.364516,115.0925892,15914.01,13876.95795,3456.676048,235168.623
2011,16,,0,17782.3077,13967.97017,7009.009157,0,8079.43212,1022.873024,0,2849.428234,820.8158133,1473.398749,53005.23497
2012,16,,4464.596784,37381.10035,63100.42752,0,1506.121778,5359.401426,666.9094968,0,5961.571133,12474.8878,21036.63397,151951.6503
2013,16,,326.2448719,22994.77922,10549.18623,7815.714012,6661.039685,651.6095671,,,706.6871602,9306.857938,1189.460368,60201.57905
2014,16,,17786.9511,0,77362.82956,18875.35412,1237.360914,770.1011311,0.06886654,0.031314624,2667.644804,2517.954667,2654.750292,123873.0468
2015,16,0.0448758,1902.792115,2888.267159,100798.3791,78468.33861,76.91697542,0,0,0.156408989,7070.873488,58417.30862,30373.54423,279996.6216
2016,16,0.492986991,2083.2683,86555.9637,26553.9509,27214.5007,13795.23336,3023.429347,1.491840259,1.141256618,6617.574721,47515.71501,2255.040268,215617.8024
2017,16,,5571.905282,62871.1809,30082.90891,40428.74571,9516.887036,1390.523568,0,0.063321403,11695.84025,54658.23063,9615.863525,225832.1491
2018,16,0.052873003,2850.240049,46240.50846,19685.68672,12307.01352,18232.26176,,,,,,,99315.76339
1991,16.5,60606.6866,3345.11429,2297.877019,1599.302071,653.3525354,0,,183.7969653,0,687.7548316,6204.34152,12706.78243,88285.00826
1992,16.5,1635.535548,52356.23247,25027.53565,6244.632288,445.2010904,0,1318.625115,826.4461817,1310.79689,810.8764687,5342.162382,50332.33948,145650.3836
1993,16.5,0,4719.833173,4072.60928,9287.442217,2295.740057,0,14474.77664,1254.038882,2144.30191,3734.661426,20684.22807,34752.62531,97420.25696
1994,16.5,0,4103.435723,71395.7348,24621.70005,0,6049.053909,0,12564.66722,1883.216672,15910.0795,13833.83491,1490.14614,151851.8689
1995,16.5,104526.8259,32170.37782,9289.286965,7706.203354,7783.536451,3421.931235,1970.926814,67.66429957,2383.335802,24626.5407,686.2830194,31789.30796,226422.2203
1996,16.5,35664.13217,24949.69415,41542.24214,20225.10473,8267.633644,5989.471272,2320.217769,10806.89288,29599.48931,17627.45601,0,0,196992.3341
1997,16.5,36817.2463,26596.94902,165807.6317,63297.47472,42156.15304,21751.72173,4890.612886,2581.731529,6980.052698,7327.446128,3085.445014,,381292.4648
1998,16.5,14858.25542,7181.968085,4073.808169,7543.015945,9616.553752,39804.6683,0,1579.36138,3935.943131,8984.252093,2160.050032,0,99737.87631
1999,16.5,17952.36058,67257.20367,134575.7203,228917.0906,201754.0452,59274.60601,20373.74559,165.6663581,24358.55235,47805.62113,75130.55971,4844.498613,882409.6701
2000,16.5,0,33588.1812,24600.12652,99685.67467,24766.5349,1070.970849,455.1175819,,5637.447023,5265.379335,1560.819923,0,196630.252
2001,16.5,0,0,0,0,0,0,,,0,0,0,,0
2002,16.5,0,0,7707.438969,0,791.3747254,0,0,,5892.342188,,,,14391.15588
2003,16.5,0,0,0,0,0,0,0,,11202.87357,0,0,0,11202.87357
2004,16.5,,91010.01478,43607.17267,44336.11972,29581.11334,13871.7085,17703.37447,,19318.85292,14554.90404,11815.8352,3264.58651,289063.6822
2005,16.5,,98937.35868,90826.96184,146227.063,23470.12822,16844.65428,7091.43243,,42504.04139,47797.84835,,,473699.4882
2006,16.5,,18552.1211,179879.7397,139935.72,47443.48664,46703.31713,9026.757661,,92244.69789,195205.5462,56520.33635,13029.41101,798541.1337
2007,16.5,,137243.3207,408190.5206,354278.9168,53993.04281,6288.343717,934.5522548,,60898.62901,217980.6196,60468.17228,0,1300276.118
2008,16.5,,41873.45779,109290.4376,108204.2069,87517.74434,60896.64005,28917.52886,,,107536.1915,49673.98726,33131.81456,627042.0088
2009,16.5,,0,8729.247692,0,52873.70668,14540.33155,16303.55673,6281.249778,0,100657.4361,35754.48347,5392.663848,240532.6759
2010,16.5,,3907.279749,2334.93738,55405.61413,9270.598136,8242.345475,0,609.1516129,0,9093.720001,13619.97725,345.6676048,102829.2913
2011,16.5,,0,3233.146854,20951.95526,3003.861067,0,3924.295601,0,189.5241822,0,273.6052711,147.3398749,31723.72811
2012,16.5,,2232.298392,23609.11601,47729.81056,0,1506.121778,765.6287752,0,0,3576.94268,7623.542543,14849.38868,101892.8494
2013,16.5,,81.56121798,15192.97913,3553.410097,5129.06232,2997.467858,181.0026575,,,471.1247735,4028.341495,1019.537458,32654.48701
2014,16.5,,10095.29657,1294.193269,50853.88796,11899.67977,371.2082741,1347.676979,0.017216635,0.020876416,1143.276344,1558.733842,1222.582371,79786.57348
2015,16.5,0.0897516,2927.372484,1758.075662,20973.57578,23881.66827,0,0,0,0,4436.626502,21347.55969,21806.64714,97131.61529
2016,16.5,0.276831156,2287.51029,94143.15909,28190.32882,26281.43211,13721.65878,2015.619565,2.295138861,1.902094363,6476.775259,37656.54647,3833.568456,214611.0729
2017,16.5,,3283.444184,73087.7478,29180.42164,30530.26225,7082.334538,1807.680639,0,0,5468.18505,30947.02264,19231.72705,200618.8258
2018,16.5,0.013218251,981.450583,38067.06343,26752.3435,13926.35741,5209.217646,,,,,,,84936.44578
1991,17,79052.19991,3345.11429,4595.754038,4797.906212,653.3525354,0,,367.5939307,355.1556935,2274.881366,4431.672514,14612.79979,114486.4303
1992,17,3271.071096,43444.53332,27113.16362,5352.541961,1113.002726,0,527.4500462,275.4820606,357.490061,621.6719594,3092.830853,38411.52223,123580.7599
1993,17,0,4719.833173,509.0761599,12259.42373,2754.888068,0,5152.039144,456.0141388,536.0754776,3181.378251,0,46840.49498,76409.22312
1994,17,0,4103.435723,77345.37937,40449.9358,1426.344075,7258.864691,0,7732.102905,470.8041681,10606.71967,17088.85488,2980.292279,169462.7336
1995,17,33718.33093,0,2204.237585,3265.340404,3838.456332,1934.135046,422.3414602,22.55476652,1638.543364,22847.9572,457.5220129,34087.33022,104436.7493
1996,17,61601.68284,31187.11769,13847.41405,19550.93457,10699.2906,3593.682763,5156.039488,23157.62759,24863.57102,34667.33016,0,0,228324.6908
1997,17,40498.97093,14129.62917,69086.51321,35890.32072,24089.23031,10236.10434,2343.418675,2112.325797,4746.435835,6594.701515,1905.716038,,211633.3665
1998,17,6686.214939,2762.295417,1745.917787,2011.470919,5342.529862,21853.54338,0,1974.201725,562.2775901,3267.000761,1440.033355,0,47645.48574
1999,17,3590.472117,11209.53394,42670.35034,182052.1744,82109.20443,15598.58053,1697.812133,74.2642295,10632.70142,17825.82483,48396.98632,1937.799445,417795.7041
2000,17,0,56841.53742,49200.25304,86935.1814,26747.85769,3212.912547,606.8234425,,3523.404389,5265.379335,1560.819923,140.6923788,234034.8616
2001,17,0,0,0,0,0,0,,,0,0,0,,0
2002,17,0,0,0,0,0,0,0,,1262.644755,,,,1262.644755
2003,17,0,0,0,0,0,0,0,,0,6905.589093,0,0,6905.589093
2004,17,,42600.43245,19623.2277,38652.00181,15569.00702,1631.965706,7587.160489,,8279.508396,1617.21156,3500.988207,1088.195503,140149.6988
2005,17,,63421.38377,34060.11069,99828.09109,26823.00368,9264.559856,1090.989605,,21681.35445,14779.59785,,,270949.091
2006,17,,6184.040368,61602.65058,119411.8144,18689.85837,18347.73173,4103.071664,,53357.22721,77751.36164,16442.27967,7106.951458,382996.9871
2007,17,,77355.32622,150199.9751,194399.2005,22301.47421,4192.229145,311.5174183,,22954.09863,97591.79327,31863.46803,156.3065871,601325.3891
2008,17,,18319.63778,87313.55609,104573.1932,49672.23327,37382.09587,20303.79686,,,42971.28938,31365.95944,19422.09819,411323.8601
2009,17,,0,2909.749231,931.8449572,20006.26739,6543.149197,16303.55673,3533.203,0,84422.36577,19681.36705,2995.92436,157327.4277
2010,17,,651.2132916,0,22162.24565,1158.824767,3804.15945,0,4873.212903,0,4222.084286,9251.305301,0,46123.04565
2011,17,,0,1616.573427,4190.391051,0,0,923.3636708,1022.873024,0,1424.714117,0,147.3398749,9325.255165
2012,17,,0,3934.852668,15370.61696,0,0,255.2095917,0,0,953.8513812,5197.869916,7424.694342,33137.09486
2013,17,,0,3695.589518,888.3525243,0,499.5779763,36.20053151,,,235.5623867,138.9083274,339.8458194,5834.037084
2014,17,,3605.463062,0,47607.89511,9574.454988,742.4165482,962.6264139,0.03443327,0,0,359.7078096,1397.236996,64249.83536
2015,17,0.0598344,1024.580369,753.460998,14399.76845,13026.36451,153.8339508,0,0,0,2703.569275,20337.87782,10124.51474,62524.02995
2016,17,0.341298686,1388.845533,199434.8502,35405.26786,43232.17826,28510.14894,2855.46105,3.672222177,2.662932108,3660.786016,19170.60548,1353.024161,335017.8439
2017,17,,1193.979703,52654.61401,11732.33447,14788.09578,7524.980447,2224.837709,0,0.105535672,3341.668642,13915.02816,14589.58604,121965.2305
2018,17,0,551.2256699,42002.42585,26175.47355,11011.53842,4341.014705,,,,,,,84081.67819
1991,17.5,79052.19991,3345.11429,9191.508075,799.6510353,0,0,,183.7969653,0,2433.59402,9971.263157,9530.086819,114507.2143
1992,17.5,0,16709.43589,12513.76783,5352.541961,148.4003635,0,0,0,357.490061,243.2629406,1546.415426,9271.746746,46143.06122
1993,17.5,0,2359.916586,2545.3808,5943.963019,1836.592045,0,1962.681579,0,428.8603821,0,16087.73294,19642.78822,50807.91557
1994,17.5,0,0,101143.9576,45726.01438,0,8468.675473,0,8698.615768,2824.825009,2651.679917,7323.79495,0,176837.5631
1995,17.5,38776.08057,2680.864818,1417.009876,1306.136162,1279.485444,446.3388568,140.7804867,11.27738326,893.7509256,14091.85384,0,29491.2857,90534.86406
1996,17.5,55117.29517,20791.41179,6154.406243,4045.020946,2431.656954,3593.682763,4898.237513,0,0,0,0,0,97031.71139
1997,17.5,38658.10861,6649.237255,22107.68423,7178.064144,10539.03826,8444.786084,1426.428759,704.1085989,2792.021079,2616.945046,635.2386794,,101751.6607
1998,17.5,3714.563855,2209.836334,0,0,534.2529862,5463.385846,2421.151785,1579.36138,1124.55518,0,0,0,17047.10737
1999,17.5,1795.236058,5604.766972,22976.34249,48667.41295,39881.61358,3119.716106,2546.718199,79.97686254,3093.149504,8912.912415,14288.63406,968.8997226,151935.3789
2000,17.5,0,72343.7749,44280.22773,71866.41662,18822.56652,1070.970849,606.8234425,,3171.06395,0,1560.819923,0,213722.6639
2001,17.5,0,0,0,0,0,0,,,0,0,0,,0
2002,17.5,0,0,0,0,0,0,0,,0,,,,0
2003,17.5,0,0,0,0,0,0,0,,0,0,0,0,0
2004,17.5,,1936.383293,6541.075901,7957.765078,4670.702106,3263.931412,0,,5289.68592,808.6057798,437.6235258,362.7318344,31268.50485
2005,17.5,,25368.55351,6487.640131,23902.50068,6705.75092,1684.465428,1090.989605,,6225.339396,3144.595286,,,74609.83496
2006,17.5,,2061.346789,32033.3783,67169.14558,1437.681413,0,0,,17182.83588,15302.12968,5480.759888,1184.49191,141851.7694
2007,17.5,,23289.77564,54778.81445,74489.41327,8216.332602,0,0,,7963.66687,22540.88663,11405.67321,0,202684.5627
2008,17.5,,5234.182224,43953.76293,46476.97477,18134.30738,10852.86654,6152.665715,,,17706.76246,13192.54946,4569.905456,166273.9769
2009,17.5,,0,1454.874615,0,17148.22919,2181.049732,4290.409665,1177.734333,0,30108.67591,3280.227841,1198.369744,60839.57103
2010,17.5,,0,0,2216.224565,0,951.0398625,0,913.7274193,0,1623.878572,4882.633353,0,10587.50377
2011,17.5,,0,0,2793.594034,0,0,461.6818354,0,0,0,0,0,3255.27587
2012,17.5,,0,0,4853.87904,0,0,0,0,0,238.4628453,693.0493221,2784.260378,8569.651586
2013,17.5,,0,0,222.0881311,0,0,0,,,0,0,0,222.0881311
2014,17.5,,240.3642041,0,24885.94517,2325.224783,0,385.0505656,0,0,0,239.8052064,558.8947983,28635.28473
2015,17.5,0.0897516,219.5529363,1381.345163,10330.26867,7443.636864,0,590.4058372,0,0,138.6445782,4759.928851,778.8088265,25642.68148
2016,17.5,0.174441551,816.9679607,114736.9751,23281.19504,28458.59216,21373.41488,2183.587862,1.262326373,3.233560417,281.5989243,2875.590822,225.5040268,194238.0972
2017,17.5,,99.49830861,25462.82827,5114.094514,5843.683008,1549.26068,556.2094273,0,0,911.364175,17699.91583,12931.67853,70168.53274
2018,17.5,0,215.1124565,20812.01281,12763.24744,3562.556546,4051.613725,,,,,,,41404.54297
1991,18,57971.61327,0,2297.877019,0,0,0,,0,0,2169.07293,5982.757894,13342.12155,81763.44266
1992,18,1635.535548,2227.924786,4171.255942,5352.541961,296.8007269,0,0,0,0,81.08764687,562.3328823,7947.211496,22274.69099
1993,18,0,0,509.0761599,3714.976887,459.1480113,0,981.3407894,228.0070694,321.6452866,276.6415871,0,15109.83709,21600.67288
1994,18,0,0,83295.02393,31656.47149,0,6049.053909,0,3866.051453,1412.412504,4419.466528,3255.019978,1490.14614,135443.6459
1995,18,5057.749639,0,157.4455418,0,319.871361,148.7796189,0,0,148.9584876,7251.148095,0,9575.092759,22659.0455
1996,18,16210.96917,20791.41179,3077.203121,1348.340315,4863.313908,479.1577017,1804.613821,0,0,0,0,0,48575.00983
1997,18,18408.62315,1662.309314,13817.30264,1305.102572,6775.096024,5885.759998,509.4388423,0,1675.212648,628.0668109,725.9870621,,51392.89906
1998,18,371.4563855,1104.918167,0,0,0,2341.451077,0,0,1686.83277,0,0,0,5504.658399
1999,18,0,0,6564.669283,7209.987104,7037.931808,0,0,28.56316519,1546.574752,2430.794295,4148.313113,0,28966.83352
2000,18,0,38755.5937,14760.07591,34774.07256,7925.291168,0,0,,704.6808779,0,0,0,96919.71421
2001,18,0,0,0,0,0,0,,,0,0,0,,0
2002,18,0,0,0,0,0,0,0,,0,,,,0
2003,18,0,0,0,0,0,0,0,,0,0,0,0,0
2004,18,,0,2180.358634,0,1556.900702,0,0,,459.9726887,0,0,0,4197.232024
2005,18,,7610.566053,1621.910033,5624.117808,0,0,0,,2361.335633,0,,,17217.92953
2006,18,,0,11088.4771,22389.71519,2875.362827,0,0,,3617.439133,2894.997508,685.0949861,0,43551.08675
2007,18,,4990.666208,17670.58531,29069.03932,3521.285401,0,0,,468.4509924,2817.610829,2172.509184,0,60710.14725
2008,18,,5234.182224,23758.79077,10893.04096,788.4481472,3014.685151,2153.433,,,5182.467061,7942.453248,1713.714546,60681.21511
2009,18,,0,0,0,1429.0191,727.0165775,858.081933,392.5781111,0,5018.112651,656.0455682,0,9080.85394
2010,18,,0,0,0,2317.649534,317.0132875,0,0,0,0,513.9614056,0,3148.624227
2011,18,,0,0,0,0,0,923.3636708,0,0,0,0,0,923.3636708
2012,18,,0,0,4044.8992,0,0,0,0,0,0,0,309.3622643,4354.261464
2013,18,,0,0,0,0,0,0,,,0,0,0,0
2014,18,,0,0,12983.97139,1641.335141,0,0,0,0.031314624,952.730287,239.8052064,279.4473991,16097.32074
2015,18,0.0299172,0,753.460998,6886.84578,4342.121504,0,0,0,0,554.5783128,1442.402682,4672.852959,18652.29215
2016,18,0.121350644,81.69679607,82220.42348,11529.0263,25814.89781,18283.28261,503.9048912,0.459027772,2.092303799,281.5989243,410.7986888,225.5040268,139353.8062
2017,18,,0,10216.5669,2105.803624,3339.247433,663.968863,139.0523568,0,0,607.5761166,5677.331491,5636.885515,28386.4323
2018,18,0,0,16271.21001,8148.287911,647.7375538,3472.811764,,,,,,,28540.04724
1991,18.5,55336.53994,3345.11429,4595.754038,799.6510353,0,0,,0,0,1692.93497,6425.925146,7624.069455,79819.98887
1992,18.5,0,1113.962393,2085.627971,1784.180654,0,0,0,0,0,0,140.5832206,0,5124.354238
1993,18.5,0,0,0,742.9953774,0,0,0,0,0,0,0,1510.983709,2253.979086
1994,18.5,0,0,47597.15653,19345.62147,0,6049.053909,0,966.5128631,470.8041681,3535.573223,0,0,77964.72216
1995,18.5,10115.49928,0,0,130.6136162,0,0,140.7804867,0,0,0,76.25366882,1915.018552,12378.1656
1996,18.5,0,2079.141179,0,0,0,479.1577017,773.4059231,0,0,0,0,0,3331.704804
1997,18.5,7363.449259,831.1546569,0,1305.102572,3763.942235,2559.026086,101.8877685,234.7028663,279.2021079,0,90.74838277,,16529.21593
1998,18.5,371.4563855,552.4590834,0,0,0,0,0,0,0,0,0,0,923.915469
1999,18.5,0,0,0,1802.496776,0,0,0,0,386.643688,4051.323825,1382.771038,0,7623.235327
2000,18.5,0,15502.23748,19680.10121,9273.086016,2971.984188,0,0,,0,0,1560.819923,0,48988.22882
2001,18.5,0,0,0,0,0,0,,,0,0,0,,0
2002,18.5,0,0,0,0,0,0,0,,0,,,,0
2003,18.5,0,0,0,0,0,0,0,,0,0,0,0,0
2004,18.5,,0,0,0,0,0,0,,0,0,0,0,0
2005,18.5,,2536.855351,0,0,0,0,0,,0,0,,,2536.855351
2006,18.5,,0,0,1865.809599,0,0,0,,904.3597832,413.5710725,342.547493,0,3526.287948
2007,18.5,,415.8888507,0,1816.814958,0,0,0,,0,256.146439,181.042432,0,2669.892679
2008,18.5,,0,5939.697693,6535.824577,1576.896294,0,307.6332858,,,215.9361276,269.2357033,0,14845.22368
2009,18.5,,0,0,0,0,0,0,0,0,0,328.0227841,0,328.0227841
2010,18.5,,0,0,0,0,317.0132875,0,0,0,0,0,0,317.0132875
2011,18.5,,0,0,0,0,0,0,0,0,0,0,0,0
2012,18.5,,0,0,0,0,0,0,0,0,0,0,0,0
2013,18.5,,0,0,0,0,0,0,,,0,0,0,0
2014,18.5,,0,0,2704.994041,273.5558568,0,0,0,0,0,239.8052064,104.7927747,3323.147878
2015,18.5,0,0,0,3130.384445,2791.363824,0,0,0,0,0,3606.006705,0,9527.754974
2016,18.5,0.011376623,0,23535.78977,4090.944816,6998.014467,4083.389074,167.9682971,0,0.760837745,0,136.9328963,0,39013.81154
2017,18.5,,0,7230.185804,902.4872672,1192.588369,885.2918173,139.0523568,0,0,227.8410437,1669.80338,2984.233508,15231.48355
2018,18.5,0,0,2951.521816,5912.916891,323.8687769,289.4009803,,,,,,,9477.708465
1991,19,15810.43998,0,0,0,0,0,,0,0,370.3295247,2215.836257,10800.76506,29197.37083
1992,19,1635.535548,0,2085.627971,1784.180654,0,0,0,0,0,0,281.1664412,0,5786.510614
1993,19,0,0,0,0,0,0,0,0,0,0,0,0,0
1994,19,0,0,23798.57827,1758.692861,0,2419.621564,0,0,470.8041681,1767.786611,0,0,30215.48347
1995,19,0,0,0,0,0,0,0,0,0,0,0,0,0
1996,19,0,2079.141179,0,0,0,0,773.4059231,0,0,0,0,0,2852.547102
1997,19,1840.862315,0,0,0,0,1023.610434,0,0,0,0,0,,2864.472749
1998,19,0,0,0,0,0,0,0,0,0,0,0,0,0
1999,19,0,0,0,0,0,0,0,0,0,0,0,0,0
2000,19,0,0,0,0,1981.322792,0,0,,0,0,0,0,1981.322792
2001,19,0,0,0,0,0,0,,,0,0,0,,0
2002,19,0,0,0,0,0,0,0,,0,,,,0
2003,19,0,0,0,0,0,0,0,,0,0,0,0,0
2004,19,,0,0,0,0,0,0,,0,0,0,0,0
2005,19,,0,0,0,0,0,0,,0,0,,,0
2006,19,,0,0,1865.809599,0,0,0,,0,0,0,0,1865.809599
2007,19,,0,1767.058531,0,0,0,0,,0,0,0,0,1767.058531
2008,19,,0,1187.939539,726.2027307,0,0,0,,,0,0,0,1914.142269
2009,19,,0,0,0,0,0,0,0,0,0,0,0,0
2010,19,,0,0,0,0,0,0,0,0,0,0,0,0
2011,19,,0,0,0,0,0,0,0,0,0,0,0,0
2012,19,,0,0,0,0,0,0,0,0,0,0,0,0
2013,19,,0,0,222.0881311,0,0,0,,,0,0,0,222.0881311
2014,19,,0,0,0,0,0,0,0,0.010438208,0,0,0,0.010438208
2015,19,0,0,0,1252.153778,620.303072,0,0,0,0,0,144.2402682,0,2016.697118
2016,19,0.01516883,0,6812.991776,1264.473852,2177.160056,1545.066136,0,0.114756943,0.190209436,0,0,0,11800.01196
2017,19,,0,2829.203141,601.6581782,238.5176738,0,0,0,0,75.94701458,1001.882028,994.7445026,5741.952538
2018,19,0,0,1967.681211,3172.784673,323.8687769,578.8019607,,,,,,,6043.136622